id,name,host_id,host_name,neighbourhood_group,neighbourhood,latitude,longitude,room_type,price,minimum_nights,number_of_reviews,last_review,reviews_per_month,calculated_host_listings_count,availability_365
26032155,Giant Sunny Urban Jungle 1-BR In East Village,23024846,Casey,Manhattan,East Village,40.72455,-73.98418,Entire home/apt,200,1,12,2019-05-05,1.0,1,0
35675069,Newly Renovated Apartment (47 Buffalo 1F Room #2),268358454,Devin,Brooklyn,Bedford-Stuyvesant,40.67825,-73.92346,Private room,60,1,0,,,1,171
33115218,Studio apt in the East Village,10530947,Miguel,Manhattan,East Village,40.72047,-73.97998,Entire home/apt,120,4,1,2019-03-17,0.26,1,0
19964062,Brand New Luxury 1BR 12 Mins from midtown,141540856,Dan,Queens,Astoria,40.7698,-73.92009,Entire home/apt,200,2,1,2017-11-24,0.05,1,0
19923426,Bright & Sunny Bedroom in Brooklyn,135840287,Callie,Brooklyn,Crown Heights,40.67783,-73.94209,Private room,65,1,8,2018-04-04,0.34,1,0
6732446,Sunny & Happy Room in Williamsburg,5532810,Sandy,Brooklyn,Williamsburg,40.71676,-73.9439,Private room,70,2,99,2019-06-16,2.02,2,37
18523918,Peaceful sunny flat with backyard,49562545,Ella,Brooklyn,Williamsburg,40.70999,-73.94807,Entire home/apt,235,1,57,2019-06-27,7.04,2,228
680998,Trendy Harlem Apartment in New York,3467798,Laila,Manhattan,Harlem,40.80829,-73.9426,Entire home/apt,125,21,12,2018-12-20,0.15,2,267
7716148,Whole Floor In Cobble Hill,40206276,Jon,Brooklyn,Cobble Hill,40.6881,-73.99498,Entire home/apt,145,2,4,2016-07-08,0.09,1,0
12780993,Washington Heights Studio,18111963,Patricia,Manhattan,Washington Heights,40.84205,-73.93716,Entire home/apt,75,5,0,,,1,0
30589636,Furnished 1000sq large 2bed + office in Harlem,229458601,Kay,Manhattan,Harlem,40.81315,-73.9511,Entire home/apt,3200,90,0,,,1,365
19272890,1 bedroom apt with private terrace on UWS.,134961952,Ilona,Manhattan,Upper West Side,40.7765,-73.97914,Entire home/apt,230,5,0,,,1,0
1886294,quitissential brooklyn loft,9813350,Jeremy,Brooklyn,DUMBO,40.70289,-73.98583,Entire home/apt,150,9,0,,,1,0
2185842,1BR Superbowl rental Hells Kitchen,6910298,Anna,Manhattan,Hell's Kitchen,40.76,-73.99009,Entire home/apt,850,1,0,,,1,0
14728630,Central Park Slope Garden Apartment,8066318,Declan,Brooklyn,Park Slope,40.66894,-73.98516,Entire home/apt,141,4,33,2018-11-19,0.96,1,159
30907275,Cozy Brooklyn Loft,105221828,Tk,Brooklyn,Bedford-Stuyvesant,40.68124,-73.90797,Private room,60,2,1,2019-04-21,0.38,1,0
171776,Gorgeous 1 bdrm in huge duplex!,803086,Benton,Manhattan,Harlem,40.80224,-73.94558,Private room,170,2,17,2015-10-01,0.18,2,88
5638917,Spacious and Sunny Studio Loft in Brooklyn,7503643,Vida,Brooklyn,Greenpoint,40.72751,-73.94078,Entire home/apt,129,30,5,2019-06-22,0.1,52,342
32241239,Sun drenched modern stylish 2 bedroom apt near all,241945355,Clement & Rose,Brooklyn,Flatlands,40.63129,-73.92748,Entire home/apt,165,2,5,2019-06-19,1.58,2,365
26122874,Sparkling Pad near Times Square HK -w- Full Bed,501343,Bryan,Manhattan,Hell's Kitchen,40.76361,-73.98847,Private room,155,2,3,2019-05-30,0.24,2,0
20674622,Entire Floor in 1870 Downtown Brooklyn Brownstone,33204787,Yaimara,Brooklyn,Gowanus,40.68289,-73.98532,Private room,95,2,21,2018-01-06,0.94,1,0
29051841,Amazing Penthouse,213781715,Anting,Brooklyn,Greenpoint,40.73079,-73.95193,Entire home/apt,350,1,1,2018-11-10,0.12,33,0
20686134,Hideaway Studio,14469743,Brian,Bronx,Pelham Bay,40.84711,-73.83039,Entire home/apt,80,2,66,2019-06-19,3.04,1,56
34182096,Architecturally Designed East Village Oasis,18327084,Sheelagh,Manhattan,East Village,40.72495,-73.97679,Entire home/apt,240,4,0,,,1,83
2305890,Midwood Aerie - Bright  & Private!,11778114,Jake,Brooklyn,Flatbush,40.63449,-73.95742,Entire home/apt,140,1,141,2019-07-01,2.41,1,307
22387499,Peaceful Garden Apartment in Architect's Townhouse,68554866,Andrea & James,Brooklyn,Bushwick,40.68481,-73.90713,Entire home/apt,125,3,27,2019-07-03,2.77,1,41
31580460,Cheery West Village 1BR w/ Washer + Dryer by Blueground,107434423,Blueground,Manhattan,West Village,40.73588,-74.00474,Entire home/apt,236,30,0,,,232,273
257568,Zen Den (Airport Pickup: JFK & LGA),1123923,Adolfo,Brooklyn,Cypress Hills,40.67855,-73.8896,Private room,48,90,53,2017-08-12,0.57,2,1
24077483,Heaven in Hell’s Kitchen,116482644,Yaniv,Manhattan,Hell's Kitchen,40.76499,-73.98888,Private room,110,1,67,2019-04-08,4.51,2,0
27901243,Sunny 3rd floor huge Master Bedroom,78379915,Joanne,Brooklyn,Bedford-Stuyvesant,40.68392,-73.95265,Private room,40,30,1,2019-05-25,0.65,1,282
8498323,Great UES location for Pope visit,44751629,Jeffrey,Manhattan,Upper East Side,40.77532,-73.95132,Entire home/apt,650,2,0,,,1,0
5936796,Room-Convenient UES Near everything,30824695,Idamil,Manhattan,Upper East Side,40.7817,-73.94613,Private room,85,3,3,2017-08-16,0.09,1,0
10068693,Cozy Mozy apt in Cobble Hill,16591072,Marianna,Brooklyn,Boerum Hill,40.68869,-73.98899,Entire home/apt,168,1,1,2016-01-05,0.02,1,0
20757519,Sofa bed in bright & beautiful apt (with rooftop),42154911,Hannah,Manhattan,Harlem,40.82992,-73.94563,Shared room,60,2,1,2017-09-03,0.04,2,0
20440249,Sunset Park Brownstone Apartment with Backyard,31031279,Chelsea,Brooklyn,Sunset Park,40.6494,-74.00967,Entire home/apt,72,3,1,2017-09-01,0.04,1,21
33490968,2BR High Ceiling Zen Sanctuary in Artsy Bushwick,234270791,April G,Brooklyn,Bushwick,40.69627,-73.93076,Private room,100,5,2,2019-05-27,0.7,3,94
16300514,Cozy 1 Bedroom Escape,68714722,Jessica,Manhattan,Upper East Side,40.77704,-73.94442,Entire home/apt,166,2,4,2018-12-28,0.49,1,0
32975089,"Amazing private room near subway (M,J, L,G trains)",248161322,Sergii,Brooklyn,Bushwick,40.70001,-73.93914,Private room,64,30,0,,,14,338
15678054,1br wburg w/ views of NYC + doorman,99145869,Sophie,Brooklyn,Williamsburg,40.71822,-73.95134,Entire home/apt,120,30,6,2018-09-24,0.29,1,164
22717766,The heart of Brooklyn,158461160,Sophia,Brooklyn,Bedford-Stuyvesant,40.68094,-73.9462,Entire home/apt,58,30,4,2019-05-15,0.26,6,220
8388776,"Massive, Cozy, Modern 1BR in Heart of Chelsea!",2227376,Eunwoo,Manhattan,Chelsea,40.74501,-73.99725,Entire home/apt,109,3,10,2018-10-08,0.33,1,0
264323,Comfortable Manhattanville,305972,Allan,Manhattan,Morningside Heights,40.81055,-73.95549,Private room,85,7,171,2019-03-31,1.84,2,144
4331684,Modern 2-Bed Apt.- Great Location!,22487371,John,Manhattan,Hell's Kitchen,40.75579,-73.99154,Entire home/apt,375,3,13,2018-06-23,0.23,1,0
20556243,"Gorgeous, light-filled two-story apartment",131490584,Bree,Brooklyn,Clinton Hill,40.68557,-73.96056,Private room,60,4,0,,,1,0
13670109,Cute Studio in the heart of East Village !,59938558,Thomas,Manhattan,East Village,40.72735,-73.98739,Entire home/apt,120,3,4,2016-10-09,0.11,1,0
27858785,Spacious Lower East Side Room,65692858,Christian,Manhattan,Lower East Side,40.72093,-73.98596,Private room,150,3,17,2019-01-28,1.65,1,188
21461901,Comfy & Quiet Private Room w/ Netflix in NY!,916804,Val,Manhattan,Harlem,40.81953,-73.94717,Private room,79,2,83,2019-07-01,4.14,1,26
3727861,Manhattan Apartment- low rate ,19044783,Jasmine,Manhattan,Harlem,40.80257,-73.9548,Private room,200,1,0,,,1,0
13694692,Queens size bed in a safe & spacious bedroom,21325944,Xi,Manhattan,Harlem,40.81932,-73.95761,Private room,50,2,16,2019-06-28,0.46,1,0
14238785,Ladies Dorm Shared Room (Single Twin Bed),3294438,Torell,Brooklyn,Bedford-Stuyvesant,40.6853,-73.95758,Shared room,45,2,10,2017-10-27,0.29,3,311
31675244,Large Bedroom in Excellent Chinatown/LES Apartment,41108789,Ulysses,Manhattan,Chinatown,40.71444,-73.99344,Private room,85,2,25,2019-06-17,5.0,1,24
23992829,"Room in Nice Apartment, Astoria. Great Area!",20855056,Jonathan,Queens,Ditmars Steinway,40.77694,-73.90846,Private room,35,4,5,2018-04-25,0.32,1,0
1935826,"Priv room in 3 bdrm apt - Room ""C""",9207223,Ryan,Manhattan,Harlem,40.80688,-73.94932,Private room,90,3,1,2015-10-14,0.02,3,177
12108264,"Cool Brooklyn, Close to Manhattan",64930464,Maya,Brooklyn,Bedford-Stuyvesant,40.68823,-73.93367,Entire home/apt,126,2,181,2019-06-23,4.73,1,182
13731898,Artist's House 3 blocks from L Train,149833,Joy And Mike,Brooklyn,Bushwick,40.70335,-73.91583,Entire home/apt,120,3,2,2016-08-22,0.06,1,0
34901323,Incredible Industrial Loft 1BR in Williamsburg,238328671,Brady,Brooklyn,Williamsburg,40.71706,-73.95988,Entire home/apt,375,1,3,2019-07-04,3.0,1,43
33033160,beautiful shared apt in Midtown,248068752,Gúney,Manhattan,Hell's Kitchen,40.76448,-73.98895,Shared room,75,1,20,2019-06-16,5.17,5,365
1427518,"Spacious, amenity-filled 1 BDR Williamsburg Apt",7654662,Elizabeth,Brooklyn,Williamsburg,40.71385,-73.93861,Entire home/apt,160,6,1,2013-09-07,0.01,1,0
9362527,Quiet roomy space,48582770,Kyron,Manhattan,Inwood,40.86227,-73.92943,Private room,60,5,1,2015-12-30,0.02,1,0
26272163,Gorgeous Bedroom steps from local stores!,197354631,Nina,Brooklyn,Williamsburg,40.71471,-73.94173,Private room,67,30,3,2019-05-31,0.28,3,19
35841083,*Nice and Cozy private Bedroom*,13059803,Marie,Queens,Jackson Heights,40.7574,-73.85825,Private room,60,2,2,2019-07-01,2.0,1,326
21876299,Lower East Side Studio Escape #4,158969505,Karen,Manhattan,Lower East Side,40.72083,-73.99308,Entire home/apt,150,30,1,2018-08-31,0.1,9,226
22505049,Beautiful & sunny large room in a gorgeous apt.,138768335,Maria,Brooklyn,East Flatbush,40.65547,-73.92567,Private room,40,30,7,2019-06-10,0.44,2,317
26081052,Sunny room with backyard in a yoga studio,5748117,Malika,Brooklyn,Bedford-Stuyvesant,40.678,-73.93974,Private room,75,1,25,2019-07-07,1.93,1,170
274062,Beautiful Room Near Central Park!,1433395,Stacia,Manhattan,Harlem,40.80285,-73.95166,Private room,99,2,54,2019-06-24,0.88,1,50
9975425,Most Colorful Hamilton Heights Home,4844390,Jade,Manhattan,Harlem,40.82502,-73.95186,Entire home/apt,110,5,9,2017-10-23,0.22,1,0
34111158,Delightful Lower East Side Two Bedroom Apartment,183573239,Janelle,Manhattan,Chinatown,40.71655,-73.99224,Entire home/apt,200,1,5,2019-07-01,2.31,1,11
16154904,SoHo Apartment Room to Rent Ready,32610275,Mario,Manhattan,Nolita,40.72075,-73.99393,Private room,110,3,0,,,1,0
14350781,West Village/SoHo - Small but Mighty Room!,7977178,Abby,Manhattan,SoHo,40.7277,-74.00375,Private room,80,2,8,2019-06-01,0.23,3,275
1515026,"Garden Apartment, Ft. Greene",1396183,Lee,Brooklyn,Fort Greene,40.69197,-73.97218,Entire home/apt,115,4,12,2019-02-22,0.17,1,0
24942175,Big 2-bdrm / Morgan Ave L Train / Roberta's,36849759,Peter,Brooklyn,Bushwick,40.7022,-73.93165,Entire home/apt,200,2,39,2019-06-17,3.09,2,209
24958209,2 Bedroom Garden Getaway,65903420,Brendan,Brooklyn,Crown Heights,40.66673,-73.96158,Entire home/apt,139,3,43,2019-05-26,3.28,1,68
17480547,Room in Brooklyn With Central Air and Heat,83351115,Samuel,Brooklyn,Bushwick,40.69484,-73.92499,Private room,50,12,0,,,1,0
34681035,Renovated with your own bathroom next to Columbia!,25182524,Paola,Manhattan,Harlem,40.80672,-73.95712,Private room,73,1,4,2019-07-04,4.0,2,24
23943945,Modern Brooklyn Luxury 1 Bedroom,97964040,Kristen,Brooklyn,Boerum Hill,40.68417,-73.98215,Entire home/apt,150,1,3,2018-05-10,0.2,1,0
29340345,Sams place,178337703,Samuel,Bronx,Clason Point,40.80504,-73.85327,Private room,300,1,1,2018-10-21,0.11,1,364
17511694,4A-,17770287,Nina,Manhattan,Midtown,40.74896,-73.98277,Entire home/apt,115,30,8,2019-05-01,0.31,14,203
22278680,纽约 罗岛曼哈顿短租 Cozy room in Roosevelt Island,68945394,Cr,Manhattan,Roosevelt Island,40.76176,-73.94999,Shared room,30,4,1,2018-01-10,0.06,1,0
19573709,Studio - West Village - Unit 5,4422523,Marie,Manhattan,West Village,40.73545,-74.00529,Entire home/apt,150,30,6,2019-06-14,0.58,6,141
34191165,Top 3BR Apartment in THE BEST LOCATION,141194319,Cathy,Manhattan,Chelsea,40.75338,-73.99822,Entire home/apt,370,12,0,,,1,320
7094112,"Stuyvesant, East Village",12749467,Naomi,Manhattan,East Village,40.73022,-73.98893,Entire home/apt,198,30,5,2019-01-08,0.11,1,301
2949128,FAB APT & LOCALE in HELLS KCHN PRIVATE SAFE COMFY!,15049157,Marjorie,Manhattan,Hell's Kitchen,40.76375,-73.9924,Entire home/apt,250,3,136,2019-06-21,2.17,1,284
21723212,CROWN HEIGHTS GUEST HOUSE 2R2L3R3L+B,74541079,Abraham,Brooklyn,Crown Heights,40.66911,-73.93666,Entire home/apt,459,4,1,2019-06-24,1.0,9,87
24019698,Midtown East furnished studio apartment,100965471,Melissa,Manhattan,Midtown,40.75247,-73.9695,Entire home/apt,119,2,3,2018-04-26,0.2,1,0
32244865,LARGE Trendy Studio!!!,53931758,Lc,Brooklyn,Flatbush,40.64464,-73.96453,Entire home/apt,100,3,3,2019-06-03,0.97,1,73
10435862,Two Beds OR KingSize Bed by Subway; Washer/Dryer,9372363,Tj,Brooklyn,Midwood,40.61465,-73.96065,Private room,65,2,8,2019-04-07,0.19,2,321
3727816,Great place near Flushing Meadow,19044620,Claudiu,Queens,Forest Hills,40.73538,-73.853,Private room,80,1,2,2014-10-22,0.03,1,0
9695052,Owl's Landing - The Twins,50068597,Alex,Staten Island,Stapleton,40.63573,-74.0772,Private room,48,2,112,2019-07-02,2.6,3,316
19069726,Greenpoint Gem: top floor like private home,38217925,Lily,Brooklyn,Greenpoint,40.73453,-73.95795,Private room,120,5,0,,,2,88
8000716,luxury 1 bedroom apartment  midtown Manhattan,3348610,Ronnie,Manhattan,Chelsea,40.75014,-73.99069,Entire home/apt,250,6,17,2019-06-16,0.37,1,0
30768969,Sunny & Big Room w/private toilet in Bushwick,192181166,Elisa,Brooklyn,Williamsburg,40.70891,-73.94268,Private room,72,3,0,,,2,0
2874695,Pvt Bedroom in Williamsburg Central,164781,Sine,Brooklyn,Williamsburg,40.71242,-73.96793,Private room,100,30,5,2018-09-30,0.09,1,296
12181485,"Sunny, beautiful Brooklyn studio",794042,Rhea,Brooklyn,Clinton Hill,40.68459,-73.96499,Entire home/apt,115,5,8,2016-08-16,0.21,1,0
10117223,"Charming Room in Bushwick, Brooklyn Apt",18782603,Kimberly,Brooklyn,Bushwick,40.68539,-73.9092,Private room,50,3,2,2016-08-15,0.06,1,0
1843955,Spacious Midtown Manhattan room,9634183,Ayse Sera,Manhattan,Midtown,40.76129,-73.96869,Entire home/apt,280,3,21,2016-10-12,0.34,1,98
36166946,Spacious decorated 2 BR minutes from Central Park.,21802668,Domenica,Manhattan,East Harlem,40.80208,-73.94415,Entire home/apt,250,17,0,,,1,46
30514043,Spacious & Renovated Room in a Brooklyn Townhouse!,137358866,Kazuya,Brooklyn,Bushwick,40.6907,-73.91157,Private room,40,30,0,,,103,269
32664982,"Your bright, spacious & central WILLIAMSBURG home!",8498596,Erika,Brooklyn,Williamsburg,40.71558,-73.94877,Private room,95,2,14,2019-06-21,3.44,1,32
6309328,BBoho Room in Williamsburg/Bushwick,30494262,Sanam,Brooklyn,Bushwick,40.70227,-73.92926,Private room,55,2,4,2016-05-18,0.08,1,0
11339109,Sunny Artist PH - Williamsburg  w/PrivateTerrace,58179165,Meg,Brooklyn,Williamsburg,40.71175,-73.96728,Entire home/apt,225,1,6,2018-10-07,0.28,1,89
32518068,Super cute 1 bedroom apartment close to TimeSquare,7441368,Chris And Jamie,Manhattan,Hell's Kitchen,40.7548,-73.9948,Entire home/apt,175,1,27,2019-07-01,6.59,2,133
15095808,Cozy Getaway Rental Home,85202728,Lourdes,Queens,Holliswood,40.72468,-73.76681,Private room,239,3,11,2019-06-30,0.52,1,135
26897811,Sunny Brooklyn musician loft .,126967409,Claudia,Brooklyn,Bedford-Stuyvesant,40.6903,-73.96008,Entire home/apt,82,2,0,,,1,13
18916917,Dynamic Solitude,32613511,Geetika,Manhattan,Midtown,40.74384,-73.98243,Shared room,55,1,1,2017-05-29,0.04,1,0
14066228,Spacious in 1BR East Harlem NYC,46460278,Amanda,Manhattan,East Harlem,40.79474,-73.9383,Entire home/apt,110,3,26,2019-06-23,0.73,1,5
1049224,Beautiful duplex in a brownstone,1740216,Laura,Manhattan,Harlem,40.81241,-73.94371,Entire home/apt,190,30,31,2018-01-04,0.43,2,84
1929186,Modern Bright Loft in Clinton Hill,9990552,Susan,Brooklyn,Bedford-Stuyvesant,40.69135,-73.95859,Entire home/apt,175,2,52,2019-07-04,1.26,1,264
8151536,Sunny Room in Williamsburg Brooklyn,24982391,Maythem,Brooklyn,Williamsburg,40.71248,-73.96379,Private room,90,1,5,2015-10-19,0.11,1,0
28338004,Mott Haven Dorm-Bed D,174785358,Rem,Bronx,Port Morris,40.80994,-73.93061,Shared room,28,1,29,2019-05-27,3.09,7,89
21963723,Apartment in Sunnyside close  to Manhattan.,58943675,Angelo,Queens,Sunnyside,40.74508,-73.92198,Entire home/apt,140,3,4,2018-11-05,0.21,1,0
35991170,"Heart of NYC! - Large, Spacious, Bright 1 Bedroom!",1386697,Andreas,Manhattan,Midtown,40.75913,-73.96487,Entire home/apt,133,30,0,,,1,246
294297,"Lovely apt in Williamsburg, BK",1521604,Summer,Brooklyn,Williamsburg,40.711,-73.96225,Entire home/apt,105,3,11,2019-06-23,0.16,1,0
2489615,Big Sunny Bushwick Apartment,2498724,Josh,Brooklyn,Bushwick,40.70451,-73.92588,Entire home/apt,98,4,32,2019-05-15,0.5,1,8
4739407,"Spacious, Cool 1-BD in Brooklyn",24467359,Juan-Pablo,Brooklyn,Crown Heights,40.67656,-73.94542,Entire home/apt,85,5,14,2016-02-18,0.26,1,0
6985434,*SKYTRAIN* Studio Loft Apartment - Great Space!,25237492,Juliana,Manhattan,Upper West Side,40.78201,-73.98379,Entire home/apt,120,30,9,2019-04-30,0.24,34,339
35877559,Cozy Private Room Near Fordham University Bronx #5,35783912,Pi & Leo,Bronx,Fordham,40.86249,-73.89234,Private room,39,3,1,2019-07-07,1.0,8,180
8614790,Prime Park Slope apartment,45318624,Max,Brooklyn,Park Slope,40.67858,-73.97902,Entire home/apt,300,1,0,,,1,0
742026,NOLITA&SOHO BEST LOCATION&GREAT APT,132132,Rachel,Manhattan,Nolita,40.7229,-73.99574,Entire home/apt,199,7,66,2019-06-09,0.83,1,142
12950997,"Joellen's Place Roomy 1-Queen Bed, Bushwick Apt.",71150679,Joellen,Brooklyn,Bushwick,40.69021,-73.92207,Private room,79,2,57,2019-07-07,1.52,2,127
8990116,Bright and spacious 1 bedroom,5485733,Jelena,Brooklyn,Williamsburg,40.70862,-73.95432,Entire home/apt,150,2,19,2017-10-14,0.42,1,0
215560,"Sunny, calm room in Victorian home",1112560,Mary,Brooklyn,Bedford-Stuyvesant,40.68741,-73.95741,Private room,79,3,152,2019-06-25,1.6,3,192
15704180,ARTIST LOFT in WILLIAMSBURG,1407676,Jessica,Brooklyn,Williamsburg,40.71623,-73.95777,Private room,350,1,19,2019-07-03,0.64,4,244
35875685,"Harlem Hidden Gem,Clean, Affordable and Convenient",269838822,Asya,Manhattan,Harlem,40.80549,-73.95136,Private room,80,2,0,,,1,352
35189297,Bright 2BR in Bed-Stuy (20 Minutes to Manhattan!),264983168,Ian,Brooklyn,Bedford-Stuyvesant,40.68366,-73.9192,Entire home/apt,159,2,1,2019-06-23,1.0,1,341
7222833,2BR/2BA luxury condo in W'Burg,6403403,Tony,Brooklyn,Williamsburg,40.71992,-73.95536,Entire home/apt,299,2,18,2017-04-17,0.38,1,0
8117729,Comfy Quiet Modern E Village Studio,1106804,Ari,Manhattan,East Village,40.7281,-73.98106,Entire home/apt,250,31,2,2015-11-26,0.04,1,358
34937685,New Apartment in Manhattan - New York City,221213143,David,Manhattan,Kips Bay,40.74257,-73.98146,Entire home/apt,350,1,6,2019-06-30,3.83,9,333
20698073,"Hip Modern Brooklyn Studio, Minutes to Manhattan!",148148402,Gary,Brooklyn,Clinton Hill,40.69167,-73.96927,Entire home/apt,129,2,93,2019-07-01,4.15,1,43
8301850,Private top floor,36955448,Indira,Brooklyn,Bedford-Stuyvesant,40.68635,-73.95893,Entire home/apt,160,2,59,2019-06-16,1.58,1,304
30429780,GOTHAM  - DOUBLE DOUBLE,224414117,Gabriel,Manhattan,Hell's Kitchen,40.75541,-73.99634,Private room,199,1,17,2019-04-20,2.34,30,354
4885569,"Heart of Greenwich Village - Large, Clean Space",17056215,Yaniv And Vanessa,Manhattan,Greenwich Village,40.73055,-74.0007,Entire home/apt,180,2,28,2018-12-31,0.58,1,0
32238040,Feminine room in Manhattan. 1 stop to midtown.,59411033,Alexandra,Manhattan,Harlem,40.81359,-73.95246,Private room,85,1,2,2019-05-09,0.82,1,7
619122,Big Sunny Williamsburg 14ft Ceilings w Half Bath,2272846,Zack,Brooklyn,Williamsburg,40.71447,-73.95237,Private room,64,30,17,2019-05-30,0.26,2,230
15094172,Spacious Sun Light Studio in Heart of Williamburg.,95552798,Susan,Brooklyn,Williamsburg,40.7176,-73.96148,Entire home/apt,250,3,19,2018-10-01,0.57,1,7
7872172,"Private room, home away from home",1212731,Emilia,Manhattan,Upper West Side,40.79943,-73.968,Private room,65,1,2,2016-09-02,0.04,1,0
22308102,Cozy Triplex in UES with 2 balconies near Bloomies,109270724,Juno,Manhattan,Upper East Side,40.76327,-73.96197,Entire home/apt,210,1,1,2017-12-28,0.05,1,0
24355153,Rockaway Beach Escape - Beach/City Views,183388833,Welecia,Queens,Rockaway Beach,40.58898,-73.80576,Entire home/apt,179,2,34,2019-03-24,2.37,1,205
31806847,Lovely Room in Brooklyn,93690639,Teo,Brooklyn,Bensonhurst,40.61109,-74.00239,Private room,90,1,0,,,1,0
35520176,New Luxury Manhattan Apartment,217625111,Sonja,Manhattan,Harlem,40.80621,-73.94877,Entire home/apt,750,3,0,,,1,13
30584271,"SuperBig Beautiful room,clean manhattan 30min.",229421782,Sunny,Brooklyn,East Flatbush,40.64743,-73.94356,Private room,43,3,3,2019-03-21,0.43,2,58
568684,800sqft apartment with huge terrace,2798644,Alessandra,Brooklyn,Bushwick,40.70202,-73.92402,Entire home/apt,115,370,6,2018-04-15,0.09,1,365
35904308,Cozy NYC room 25min to Times Square,1272625,Noel & Rachel,Queens,Astoria,40.76598,-73.9162,Private room,60,30,0,,,1,43
10001022,One Bedroom Apartment In Astoria,27078779,Emmanuel,Queens,Astoria,40.76047,-73.92288,Entire home/apt,105,1,0,,,1,0
9654190,Central Park/Museum of Natural Hist,49907738,Ashley,Manhattan,Upper West Side,40.78494,-73.97663,Entire home/apt,400,1,2,2015-12-26,0.05,1,0
9114642,Large 1Br in Brooklyn cottage,7390259,Sean,Brooklyn,Williamsburg,40.71591,-73.95695,Private room,70,6,0,,,1,0
30314104,Magnificent Midtown West 2BR Apt + Gym and Spa!,163251048,Jen,Manhattan,Hell's Kitchen,40.76093,-73.99924,Entire home/apt,499,30,0,,,8,333
15452971,Cozy 1 Bedroom Apartment in Downtown Flushing,60437472,Ting,Queens,Flushing,40.76491,-73.82561,Entire home/apt,122,3,32,2019-06-12,1.06,1,84
24849193,Cozy Tropical NYC Room with Stunning View,36364146,Tomas,Manhattan,Morningside Heights,40.80672,-73.96713,Private room,125,6,3,2018-12-28,0.22,1,34
14633272,South Williamsburg,43810721,Mikey,Brooklyn,Williamsburg,40.71082,-73.95736,Private room,50,1,15,2019-04-18,0.44,1,0
15772067,"SOHO,TRIBECA,LOFT,4500sqft.",46990279,Phenix,Manhattan,Tribeca,40.71634,-74.00505,Entire home/apt,1500,2,4,2017-09-15,0.12,1,365
6571890,1 bedroom-Manhattans East Village,34372907,Meagan,Manhattan,East Village,40.72872,-73.98639,Entire home/apt,155,2,36,2019-01-02,0.8,1,164
30091592,Best view near Times Square,16768238,Julio Adrian,Manhattan,Hell's Kitchen,40.75975,-73.9944,Private room,215,2,0,,,1,0
18895063,Lovely Upper East Side Studio! Close to stuff,34649502,Pat,Manhattan,Upper East Side,40.77948,-73.95152,Entire home/apt,200,2,1,2017-06-20,0.04,1,0
6269968,"近地铁及市中心,干净 NYC 30 min to Manhattan",25915648,正川,Queens,Flushing,40.75717,-73.82004,Private room,37,2,128,2019-02-25,2.53,2,20
18599156,Great Studio ( Midtown West 48th street),51501835,Jeniffer,Manhattan,Hell's Kitchen,40.76435,-73.99337,Entire home/apt,125,30,3,2018-06-02,0.14,31,342
4003515,Charming New York town house,2787824,Martyn,Queens,Glendale,40.70591,-73.89264,Private room,95,2,46,2017-06-23,1.15,1,0
36021253,Bushwicks Finest!! Enjoy a long weekend or week!!!,181075211,Mario,Brooklyn,Bedford-Stuyvesant,40.69107,-73.92638,Private room,56,2,1,2019-07-05,1.0,1,179
18366942,Free transfer from  JFK airport,127080164,Tauqir,Queens,Howard Beach,40.65411,-73.83191,Private room,100,2,0,,,1,0
1533652,Charming Central Park Studio: Summer Park Strolls!,8178950,Mari,Manhattan,Upper West Side,40.78357,-73.97268,Entire home/apt,121,7,76,2019-06-30,1.11,1,151
29651529,THE LOUVRE MEETS THE HEART OF THE EAST VILLAGE,223180509,Jane,Manhattan,East Village,40.72399,-73.98261,Entire home/apt,195,1,54,2019-07-01,6.45,1,181
30735480,Neve recording studio,229693987,0123,Manhattan,Lower East Side,40.71456,-73.98717,Entire home/apt,600,1,0,,,1,365
14092239,Two bedroom apt in house with private entrance,84779589,Maba,Brooklyn,Crown Heights,40.67114,-73.93238,Entire home/apt,140,2,137,2019-07-02,3.82,3,234
11557387,EAST RIVER VIEW~HIRISE STUDIO,2856748,Ruchi,Manhattan,Midtown,40.75453,-73.96473,Entire home/apt,205,30,0,,,49,364
15486072,Cozy Apartment off J&M Subway Lines,19977987,Alisha,Brooklyn,Bushwick,40.70051,-73.93909,Entire home/apt,125,1,12,2017-09-26,0.38,1,0
34575989,The Clifton Place,260891097,Earl,Brooklyn,Bedford-Stuyvesant,40.68762,-73.95332,Private room,120,2,2,2019-06-25,1.58,2,88
23536265,Cozy room in 2BR apartment at the Upper East,159598333,Sol,Manhattan,Upper East Side,40.78167,-73.94734,Private room,89,3,7,2019-05-15,0.68,5,213
5439372,A Historic Harlem Abode,19066350,Eric,Manhattan,East Harlem,40.79963,-73.94628,Entire home/apt,103,2,98,2019-06-24,1.94,1,237
27314650,"Spacious room w/attached bath, center of Flushing",205745676,Liqin,Queens,Flushing,40.75897,-73.82011,Private room,95,1,30,2019-07-07,2.66,9,353
26713367,Artistic + Chic Flat in East Village w/ Backyard,197547562,Galina,Manhattan,East Village,40.72382,-73.97683,Private room,110,2,7,2019-05-15,0.79,1,89
26844905,Trendy Union Square Apartment,201885926,Ramona,Manhattan,East Village,40.73269,-73.98833,Private room,111,2,48,2019-07-02,4.17,1,0
28184101,Great spot in Bushwick,32992928,François,Brooklyn,Bushwick,40.70076,-73.92382,Entire home/apt,180,3,2,2018-09-30,0.21,1,15
19875728,"LARGE 3 bed on UWS, Steps to Central Park, Subway",4328217,Jill,Manhattan,Upper West Side,40.78762,-73.96827,Entire home/apt,325,7,0,,,1,0
16413425,Where Dreams are made of NYC,107556087,Crystal,Manhattan,East Harlem,40.80476,-73.94074,Shared room,89,1,2,2018-10-02,0.19,1,88
34016570,== TRAVELHOLIC Rooms (Modern Decor / Clean) ==,109402182,Michael,Manhattan,Harlem,40.82361,-73.94599,Private room,59,25,3,2019-05-10,1.17,1,24
8439145,"Beautiful, Secure, Central NYC Apartment!",7654837,George,Manhattan,Midtown,40.75287,-73.97439,Entire home/apt,149,10,3,2019-01-01,0.13,1,14
2356082,"Modern, Clean, West Village Apt!",6970733,Laurence,Manhattan,Greenwich Village,40.72946,-74.00189,Entire home/apt,200,2,26,2017-10-22,0.55,1,0
23529395,A cozy garden apartment,175778475,Christopher,Brooklyn,Crown Heights,40.67707,-73.94834,Entire home/apt,145,2,66,2019-07-01,4.85,1,158
19602663,1 Room in high rise facing Central Park w/ balcony,137821526,Cathy,Manhattan,East Harlem,40.79622,-73.94825,Private room,160,1,0,,,2,0
18813227,"★Comfy Bedroom in Convenient, awesome location!★",51380878,Jean Paul,Brooklyn,Flatbush,40.65068,-73.96073,Private room,31,1,83,2019-06-16,3.28,2,37
5707888,"Homey, Large, Gorgeous 2 BR Apt!",3780975,Shira,Manhattan,Harlem,40.80403,-73.95615,Entire home/apt,200,2,6,2016-01-03,0.12,1,0
4750486,Sun-drenched 1BD in Upper East Side,13631524,Hernan & Chelsea,Manhattan,East Harlem,40.79774,-73.93244,Private room,75,2,262,2019-06-09,4.73,1,166
34972828,Sunnyside Gardens Historic Home - Sweet and Green,13077418,Richard,Queens,Sunnyside,40.7475,-73.9161,Entire home/apt,200,2,4,2019-07-01,4.0,1,57
22749967,"Cosy, Colorful, Great Bedford Stuyvesant Location",24467449,Laura,Brooklyn,Bedford-Stuyvesant,40.68567,-73.95146,Entire home/apt,79,1,8,2018-11-18,0.47,2,21
16422375,Nice place,71540842,Willy,Queens,Ridgewood,40.70777,-73.91053,Entire home/apt,75,3,90,2019-06-08,2.93,2,72
32071927,"Sunny, Private Bedroom in ♥ of Downtown (SOHO/LES)",41869388,Emily,Manhattan,Nolita,40.72233,-73.99334,Private room,85,2,20,2019-06-21,4.29,1,5
22213572,2 bedroom available in the heart of Williamsburg,13795760,Eliza Love,Brooklyn,Williamsburg,40.7142,-73.96099,Private room,85,1,0,,,2,0
22516361,Cozy & artsy apt in East Village - 2 bedrooms,26583247,Frannie,Manhattan,East Village,40.7316,-73.98507,Entire home/apt,132,7,0,,,1,0
35181903,Stunning Park Slope Duplex (15 Mins to Manhattan!),264934283,Susan,Brooklyn,Windsor Terrace,40.65957,-73.98376,Entire home/apt,450,3,3,2019-07-01,3.0,2,302
18560569,Central Park north spacious residence,9727058,Pat,Manhattan,Harlem,40.80389,-73.95178,Entire home/apt,199,3,17,2019-04-07,0.65,1,280
19853343,1 bedroom in 3 bedroom apartment,18990231,Kwam,Queens,Ridgewood,40.70373,-73.90873,Private room,45,1,3,2017-10-04,0.13,1,0
18112181,Sunny Williamsburg Studio Overlooking the Park,16970101,Tia,Brooklyn,Williamsburg,40.72128,-73.95547,Entire home/apt,175,2,8,2019-05-25,0.43,1,0
20076056,Cozy Room in Upper-East Side Tower,67127998,Mark,Manhattan,Upper East Side,40.7811,-73.95003,Private room,69,20,3,2018-06-23,0.13,1,0
36343588,"Beautiful 2 BR apt, UWS",264810896,Christine,Manhattan,Upper West Side,40.7715,-73.9877,Entire home/apt,240,3,0,,,1,58
12623332,Sun-drenched Park Slope Studio,11732822,Megan,Brooklyn,Park Slope,40.67776,-73.9743,Entire home/apt,160,4,33,2019-06-15,0.87,1,1
9926377,Amazing 1 Bedroom Greenwich Village,1455309,Scott,Manhattan,Greenwich Village,40.7274,-73.99991,Entire home/apt,250,3,0,,,1,0
29455145,"Modern 1BR Astoria, espresso maker, 5 min 2 train",4540122,Evan,Queens,Astoria,40.76204,-73.92267,Entire home/apt,74,5,3,2019-05-21,0.53,1,52
20915909,Spacious 2-bedroom townhouse apt in Clinton Hill,411697,Daniel,Brooklyn,Clinton Hill,40.68451,-73.96052,Entire home/apt,225,4,29,2019-06-23,2.2,1,43
32408700,Astoria 1 Bedroom Apt 10 minutes from LGA Airport,23260853,Rich,Queens,Astoria,40.76889,-73.92957,Entire home/apt,125,2,4,2019-06-17,0.92,1,14
33880288,Perfect Location!,3128437,Natalie,Queens,Astoria,40.75792,-73.92249,Private room,120,1,0,,,2,89
10231294,Cozy private room with own TV,52577963,Mark,Queens,Woodhaven,40.69454,-73.85041,Private room,45,5,34,2019-06-10,0.85,6,212
13624873,East Village Cottage,2010460,Thaya,Manhattan,East Village,40.72544,-73.9899,Private room,80,2,31,2019-06-30,0.94,1,28
33998142,Sonder | Wall Street | Superior 3BR + Rooftop,219517861,Sonder (NYC),Manhattan,Financial District,40.70597,-74.01248,Private room,616,2,5,2019-06-12,2.46,327,255
23252443,Wyndham Midtown 45 (2 Bedroom Presidential) 2A,100238132,Michael,Manhattan,Midtown,40.75377,-73.97223,Entire home/apt,339,3,40,2019-05-13,2.63,12,0
29457860,not available,914386,Anna,Queens,Ozone Park,40.68129,-73.84235,Private room,75,1,1,2018-10-26,0.12,2,173
9024661,TRUE2BR-PRIME MIDTOWN EAST~53rd&3rd,2856748,Ruchi,Manhattan,Midtown,40.75759,-73.96902,Entire home/apt,230,30,0,,,49,332
6990524,3BR Gramercy Apt in heart of NYC,36650631,Alissa,Manhattan,Kips Bay,40.73912,-73.9825,Entire home/apt,300,1,0,,,1,0
9844482,Garden apartment oasis.,9523962,Andre,Brooklyn,Prospect-Lefferts Gardens,40.66201,-73.95352,Entire home/apt,125,9,10,2016-08-24,0.24,1,0
14201811,Adorable Abode in Harlem,23033819,Brandy-Courtney,Manhattan,Harlem,40.82085,-73.95398,Private room,75,2,0,,,1,0
14135904,Zen Bed/Bath in Historic Harlem,63361875,Elisa,Manhattan,Harlem,40.81667,-73.94342,Private room,75,3,6,2017-05-21,0.17,1,0
11147376,Luxury Apt in the Heart of Brooklyn,22218564,Jeremy,Brooklyn,Fort Greene,40.68675,-73.97923,Entire home/apt,185,30,13,2019-01-24,0.33,1,212
1013648,Gorgeous 2 Fl Apt in1887 Brownstone,5018907,Vera,Brooklyn,Park Slope,40.67541,-73.9784,Entire home/apt,225,7,8,2015-08-29,0.11,1,342
36007006,Centrally Located 1BDR With Furnished Patio,270906714,Jennifer,Manhattan,Hell's Kitchen,40.75654,-73.99173,Entire home/apt,320,3,0,,,1,341
16437326,1 Bedroom Condo/Kitchen Wyndham Midtown 45 Resort*,69545883,Chayla,Manhattan,Midtown,40.75183,-73.97337,Private room,599,3,0,,,12,365
17500539,"HUGE 1BR Apt, Varrazano promenade,night life& More",37519641,Ahmed,Brooklyn,Fort Hamilton,40.61364,-74.0354,Entire home/apt,160,2,4,2019-04-11,0.42,1,313
16416588,One Bedroom off of Franklin Avenue in Brooklyn,43870735,Tj,Brooklyn,Crown Heights,40.6706,-73.96026,Entire home/apt,72,6,0,,,1,0
21891406,Bright studio size room in the East Village,42954481,Cindy,Manhattan,East Village,40.72801,-73.98736,Private room,95,1,3,2018-10-29,0.16,1,0
16587776,Taaffe Loft,33674633,Michael,Brooklyn,Bedford-Stuyvesant,40.69121,-73.95877,Private room,55,1,0,,,1,0
21851368,"Trendy, Chill & Comfy in Manhattan NYC",153025974,Kelsy,Manhattan,Washington Heights,40.84182,-73.93898,Entire home/apt,130,3,25,2019-06-22,1.36,1,155
33904680,HUGE Master Suite in Spacious Duplex,10374669,Josephine,Manhattan,Hell's Kitchen,40.76537,-73.98767,Private room,92,5,2,2019-06-09,0.71,1,187
20518193,Luxurious 4 Bedroom 2.5 Bath Duplex in Brooklyn,138770550,Charmine,Brooklyn,Crown Heights,40.67052,-73.93444,Entire home/apt,400,3,19,2019-06-28,1.03,3,97
13877683,"Perfect Private Garden Apartment, 2 blox to subway",57994,Martin & Hande,Brooklyn,Bedford-Stuyvesant,40.68082,-73.91128,Entire home/apt,99,2,142,2019-07-07,3.94,1,57
6481924,"Brooklyn, Sundrenched & Peaceful",1862576,Gan,Brooklyn,Sunset Park,40.65168,-74.00178,Entire home/apt,105,7,3,2016-01-06,0.06,1,0
25625417,The Palace of Perhaps (Bushwick / Ridgewood),21061846,Briana,Queens,Ridgewood,40.69943,-73.90712,Private room,40,2,13,2019-06-28,0.99,1,0
13432828,Elegant Large One Bed  / 1.5 Bathroom-  UWS,3469064,Amy,Manhattan,Upper West Side,40.7801,-73.97917,Entire home/apt,230,7,0,,,1,0
9351679,"1Bdr APARTMENT, Astoria, NY [10min from Manhattan]",48534909,Despina,Queens,Astoria,40.76483,-73.91522,Entire home/apt,99,4,4,2019-01-04,0.09,1,0
8135887,Private Room in Modern Apartment,27362570,Autumn,Queens,Ridgewood,40.70136,-73.89608,Private room,52,1,4,2015-10-24,0.09,1,0
613556,"2 BED TriBeCa, Beautiful-Renovated!",1475015,Mike,Manhattan,Tribeca,40.71655,-74.01171,Entire home/apt,130,30,2,2015-10-31,0.03,52,116
13202374,Spacious bedroom in light filled w'burg apartment,22913446,Rachael,Brooklyn,Williamsburg,40.71382,-73.94285,Private room,56,21,0,,,1,0
31053208,Boutique Brooklyn Loft,231959634,Eleanor And Alex,Brooklyn,Bushwick,40.69488,-73.93115,Private room,55,1,23,2019-06-10,3.77,2,28
29132306,BEST LOCATION IN NEW YORK:PRIVATE MEDIUM SIZE ROOM,183748836,Alex,Manhattan,Midtown,40.75829,-73.97259,Private room,120,1,44,2019-05-22,4.91,1,4
5569302,"Sunny Apt, park view - Jeffreson L",5074343,Josh,Brooklyn,Bushwick,40.70336,-73.92416,Entire home/apt,65,5,0,,,1,0
7050316,Best Location near Columbia U,36818817,Mifan,Manhattan,Morningside Heights,40.8046,-73.96545,Private room,50,1,1,2015-07-06,0.02,2,0
32721564,2 Bedroom Apartment in Residential Neighborhood,90463984,Isabelle,Queens,Richmond Hill,40.70047,-73.84086,Entire home/apt,120,7,0,,,3,52
28682647,Private room in Bushwick Brooklyn,216392786,Kaz,Brooklyn,Bushwick,40.6982,-73.93034,Private room,60,2,21,2019-05-28,2.31,1,57
9713997,Extra BR in dreamlike soho loft,1317360,John,Manhattan,SoHo,40.72145,-74.00231,Private room,200,1,16,2019-05-22,0.83,2,365
294242,Loft Suite @ The Box House Hotel,417504,The Box House Hotel,Brooklyn,Greenpoint,40.7389,-73.95395,Entire home/apt,199,3,75,2019-06-05,0.93,28,84
12973363,Prospect Park Brownstone,22846970,Paige,Brooklyn,Prospect Heights,40.675,-73.96406,Private room,88,2,46,2017-07-31,1.19,1,0
35198287,Light-filled Williamsburg Loft,24643940,Lucy,Brooklyn,Williamsburg,40.70726,-73.96657,Entire home/apt,550,2,2,2019-07-05,2.0,1,81
1133296,Entire home/apt in Chelsea New York,6216882,Raquel,Manhattan,Chelsea,40.74119,-74.00234,Entire home/apt,175,3,19,2019-06-24,0.25,1,194
10134285,"Cute bedroom in Chinatown,",566660,Markus,Manhattan,Chinatown,40.71615,-73.99539,Private room,99,1,42,2018-01-01,0.98,1,0
5414471,Cool Studio Loft in Brooklyn,7503643,Vida,Brooklyn,Greenpoint,40.72533,-73.94014,Entire home/apt,129,30,1,2018-05-31,0.07,52,340
26969,2 story family home in Williamsburg,115307,Alexandra,Brooklyn,Williamsburg,40.71942,-73.95748,Entire home/apt,325,3,324,2019-06-23,3.01,1,107
24066510,Gorgeous Room available in a 2 bed/apt!,21563231,Nafsica,Manhattan,Harlem,40.82632,-73.94637,Private room,69,3,7,2018-10-25,0.46,1,172
5085803,Beautiful Studio in the Upper East (30 DAYS MIN),23772724,Elem,Manhattan,Upper East Side,40.78151,-73.94775,Entire home/apt,99,30,12,2019-04-27,0.29,15,208
33238238,Luxury Suite in Midtown Manhattan,24831061,Hosteeva,Manhattan,Midtown,40.7643,-73.98199,Entire home/apt,310,1,2,2019-04-21,0.7,8,0
26939323,SUNNY ROOM 1 - SHORT RIDE TO MANHATTAN!,141362117,Julian And Michael,Brooklyn,Williamsburg,40.7076,-73.93426,Private room,67,2,32,2019-06-23,2.8,2,348
35233962,Beautiful 1BR Apt. by Times Square and Bryant Park,264950723,Lenny,Manhattan,Midtown,40.75287,-73.98631,Entire home/apt,350,4,1,2019-06-09,1.0,1,2
29013947,"Beautiful Bedroom in Bushwick, Brooklyn!",124069492,Maria,Brooklyn,Bushwick,40.70249,-73.92557,Private room,74,1,26,2019-06-30,2.9,2,34
22280482,HUGE private bedroom in Artists' home in Bushwick,43756609,Karina,Brooklyn,Bushwick,40.68847,-73.913,Private room,70,1,3,2018-01-01,0.16,2,0
15204878,PRESIDENTIAL Condo 1 BDRM Wyndham Midtown 45 NYC,96098402,Wynpoints,Manhattan,Midtown,40.75362,-73.97158,Private room,749,2,5,2016-12-31,0.15,12,365
9958442,NYC 2BR ap for HOLIDAYS in the CITY,10558287,Julian,Manhattan,Kips Bay,40.7439,-73.97974,Entire home/apt,199,10,0,,,1,0
5894824,Hotel Gabrielle,26554386,Gabrielle,Brooklyn,Prospect-Lefferts Gardens,40.65516,-73.95882,Entire home/apt,105,14,43,2019-01-02,0.83,1,319
16708692,2 Bedroom Apt.-30 secs from C train,110708643,Stephen,Brooklyn,Bedford-Stuyvesant,40.67983,-73.92121,Entire home/apt,82,2,80,2019-05-26,2.76,1,28
15535864,Sleek 1BR + private bath in beautiful brownstone,59909443,Kobby,Brooklyn,Bedford-Stuyvesant,40.67764,-73.92241,Private room,75,3,5,2018-09-09,0.15,1,145
21926844,Private Room on Roosevelt Island,35674813,Xizi,Manhattan,Roosevelt Island,40.7611,-73.95015,Private room,40,7,1,2018-01-21,0.06,1,0
19809264,Big Sunny 1BR near the subway - 20 mins to NYC!,18197578,Caitlin,Brooklyn,Crown Heights,40.66756,-73.95812,Entire home/apt,100,3,12,2018-11-25,0.5,1,4
34144954,Spacious Modern Flat in the Heart of Williamsburg,93090420,Patrick,Brooklyn,Williamsburg,40.71327,-73.96155,Private room,100,1,0,,,1,66
31038331,Splendid Midtown Studio w/ Gym + Doorman by Blueground,107434423,Blueground,Manhattan,Midtown,40.75146,-73.99,Entire home/apt,215,30,0,,,232,2
35425682,** Location~Location~Location in Time Square **,266477120,Mary,Manhattan,Hell's Kitchen,40.76125,-73.98848,Entire home/apt,120,3,2,2019-07-05,2.0,1,203
17633820,Bohemian apt in the heart of Greenwich Village,9132087,Brandon,Manhattan,Greenwich Village,40.72956,-73.99979,Entire home/apt,169,3,22,2018-12-26,0.81,2,0
20045641,Modern Private Room in Prime Williamsburg!,48851196,Ilya,Brooklyn,Williamsburg,40.71042,-73.94744,Private room,80,25,0,,,1,0
20826953,Sublet for Oct (Phone number hidden by Airbnb) utilities included,149394434,Jeanette,Queens,Ridgewood,40.7025,-73.90985,Private room,23,1,0,,,1,0
18989137,Boerum Hill Beauty,132464510,Christine,Brooklyn,Boerum Hill,40.68508,-73.98413,Private room,125,1,8,2018-10-07,0.32,1,156
4494217,Stylish West Village Artists Penthouse Loft,22720650,Duane,Manhattan,West Village,40.73604,-74.0056,Entire home/apt,130,30,1,2018-12-24,0.15,2,0
30468736,Spacious apt in Brooklyn Brownstone 1 min to Metro,39523280,Rebecca,Brooklyn,Prospect-Lefferts Gardens,40.66184,-73.9495,Entire home/apt,185,2,30,2019-06-21,4.59,1,281
3487445,Sunny and Spacious 1 bedroom apt,2553182,Esty,Manhattan,Upper East Side,40.77097,-73.94848,Entire home/apt,350,1,0,,,1,0
9289159,"Beautiful 5bedrm duplex,   sleeps 11 comfortably!",43963802,Tanya,Manhattan,Harlem,40.8228,-73.94567,Entire home/apt,465,3,46,2019-06-29,1.22,2,325
24945511,Elegance on West Side,48889862,Miki,Manhattan,Harlem,40.79891,-73.9528,Entire home/apt,105,2,42,2019-07-01,3.04,1,115
33831074,Sunny Private Bedroom in Upper West Side,238321374,Eyal,Manhattan,Upper West Side,40.79995,-73.96139,Private room,60,30,0,,,32,83
30395433,Gorgeous NYC apt.  near everything! (Women only),27698539,Roberta,Manhattan,Midtown,40.74985,-73.98152,Private room,90,2,13,2019-07-07,1.88,1,24
7131007,Cozy Home in Brooklyn Brownstone,2830197,Roberta & Rob,Brooklyn,Bedford-Stuyvesant,40.6852,-73.95636,Entire home/apt,110,3,14,2017-10-15,0.29,1,0
26366913,Luxury Bright Soho Loft,4806931,Courtney,Manhattan,SoHo,40.72182,-74.00255,Entire home/apt,450,2,1,2019-06-04,0.86,1,360
19161964,A Private and Cozy room near Columbia University,107704855,Mohammad,Manhattan,Morningside Heights,40.8107,-73.95842,Private room,60,1,1,2017-11-15,0.05,1,0
33571687,Sunny And Spacious Apartment In Chelsea,151048265,Minnie,Manhattan,Chelsea,40.74038,-74.00139,Entire home/apt,170,3,2,2019-06-01,1.09,1,39
33475698,Germania's Deluxe Palace,252019224,Gladys Germania,Queens,Jamaica Estates,40.71668,-73.80588,Entire home/apt,250,1,13,2019-06-30,4.15,1,359
16634357,Huge 2 Bed Apt with Private Bathrooms in UES!,109886922,Michael,Manhattan,Upper East Side,40.77486,-73.95296,Entire home/apt,899,30,6,2018-05-18,0.23,1,89
14359772,(1)Comfy Home Away From Home/Multiple rooms!!,88043058,Pamela,Brooklyn,Bedford-Stuyvesant,40.68787,-73.95332,Private room,83,1,110,2019-07-06,3.46,4,307
1960358,Couples and Family Paradise.,10129919,Jorge,Brooklyn,Cypress Hills,40.68528,-73.87819,Entire home/apt,80,3,225,2019-06-30,3.49,2,250
7727798,Room with its private bathroom and garden access,22577148,Diana,Brooklyn,Bedford-Stuyvesant,40.69461,-73.93406,Private room,86,3,91,2019-07-02,1.99,7,20
14010252,"1br Apartment EastVillage,Manhattan",83757347,Leslie,Manhattan,East Village,40.72379,-73.98224,Entire home/apt,210,1,76,2019-06-15,2.1,1,311
35314242,"A Private and Comfy, Bohemian  Room",161829611,Gabrielle,Manhattan,Washington Heights,40.8564,-73.92703,Private room,66,1,2,2019-06-30,2.0,1,60
83243,Brooklyn Cove Studio Apt w/ Garden!!,453519,Julian,Brooklyn,Bushwick,40.68949,-73.91708,Entire home/apt,65,2,228,2019-06-10,2.27,1,194
13623187,Heart of Williamsburg 1 bedroom Bedford L train,13752339,Meg,Brooklyn,Williamsburg,40.72012,-73.95675,Entire home/apt,130,28,20,2018-08-27,0.59,1,80
35681112,Old world oasis of calm nestled in a vibrant hood,4363908,James Abordo,Brooklyn,Bedford-Stuyvesant,40.68479,-73.94416,Private room,75,2,0,,,1,14
15393637,Uptown NEVER Felt so in the Middle of Everything,37435847,Jay,Manhattan,East Harlem,40.79534,-73.94526,Entire home/apt,100,1,73,2018-12-28,2.37,1,0
36468386,纽约罗岛Roosevelt Island整租或合租 窗外美景 设施全 家具新 到曼哈顿方便 性价比高,228268650,Yan,Manhattan,Roosevelt Island,40.76688,-73.94688,Entire home/apt,145,1,0,,,1,30
3629580,Upper East Renovated 1 Bedroom,18289867,Dan,Manhattan,East Harlem,40.79032,-73.94523,Private room,55,1,3,2014-08-27,0.05,1,0
21739264,423 ocean parkway,158338077,Muhammad,Brooklyn,Kensington,40.63929,-73.9718,Private room,67,1,29,2019-06-16,1.79,2,143
22940777,Park Slope 1BR 1st Floor Apt - Perfect for 1 - 2,136636824,Mo,Brooklyn,Park Slope,40.67418,-73.97918,Entire home/apt,100,2,27,2019-06-02,1.56,1,0
23352462,Warm room for nice people in Bensonhurst !,38121779,Viktoria,Brooklyn,Gravesend,40.60687,-73.98349,Private room,62,1,0,,,1,0
15176641,Near transportation private room,19923341,Ahmad,Queens,Whitestone,40.78573,-73.81062,Private room,85,1,0,,,1,365
1475631,BLYN BROWNSTONE CORZY CORNER in NYC,2015914,Majar,Brooklyn,Bushwick,40.68786,-73.91722,Private room,62,3,95,2019-02-11,1.32,8,338
29308781,Designer's Two Floors New Deluxe Apartment in NYC,220709091,Dan & Melisa,Brooklyn,Bay Ridge,40.63859,-74.02497,Entire home/apt,82,1,56,2019-06-22,6.41,1,288
19763459,Great location-Close to metro in cool neighborhood,81160897,Roberto,Brooklyn,Bushwick,40.70152,-73.91148,Private room,50,1,16,2019-04-21,0.66,1,343
24116631,Beautiful Manhattan Apt- 20 min to Times Square,5740704,Lauren,Manhattan,Washington Heights,40.84884,-73.93199,Entire home/apt,82,7,0,,,1,0
22126048,Cozy Room #2 in Brooklyn Home 15 Min from JFK,126110540,Janine,Brooklyn,East New York,40.66379,-73.88177,Private room,50,1,43,2019-07-01,2.26,3,89
24086178,2 Bedroom Astoria Beautiful,6523823,Louis,Queens,Ditmars Steinway,40.77516,-73.91792,Entire home/apt,103,5,1,2018-04-22,0.07,1,0
16321376,Sunny 1 Bedroom Apt. in Brooklyn,43610994,Christopher,Brooklyn,Bedford-Stuyvesant,40.67902,-73.95085,Entire home/apt,70,2,5,2018-12-29,0.19,1,0
837430,Ground Floor Studio With Backyard,252365,Eileen,Manhattan,East Village,40.7225,-73.98267,Entire home/apt,130,5,4,2015-01-03,0.05,1,0
4295603,Beautiful Loft in flawless factory conversion,7503643,Vida,Brooklyn,Greenpoint,40.7255,-73.9409,Entire home/apt,129,30,1,2015-03-27,0.02,52,300
36236367,金城发suit3.  (single room with twin bed),255641440,Li,Queens,Flushing,40.75138,-73.81515,Private room,35,1,0,,,7,358
12725523,Top Floor Newly Renovated 1-Bedroom,6472334,Matthew,Brooklyn,Williamsburg,40.70832,-73.95336,Entire home/apt,139,4,12,2016-11-28,0.31,2,0
27933429,Cute Williamsburg studio,35335572,Caleb,Brooklyn,Williamsburg,40.71645,-73.95721,Entire home/apt,130,3,1,2019-01-01,0.16,1,2
22825784,Lower Eastside Loft,27584983,Camille,Manhattan,Lower East Side,40.71263,-73.98106,Entire home/apt,250,3,9,2018-06-12,0.53,1,0
9945515,Sunny and Cozy  Private Room by L train,8515724,J,Brooklyn,Williamsburg,40.70896,-73.94129,Private room,102,1,30,2018-08-27,0.7,3,10
12735986,Spacious Studio 15 min to Manhattan,69258420,Arturo,Queens,Astoria,40.75953,-73.91182,Entire home/apt,135,5,18,2019-05-26,0.47,1,363
585491,Beautiful Modern Apt in Brooklyn,2886652,Kanan & Tobias,Brooklyn,Crown Heights,40.6806,-73.96317,Entire home/apt,195,2,160,2019-06-18,1.95,1,255
9296077,Central Park - spacious 1 bedroom -,42064476,Marine,Manhattan,Upper East Side,40.77234,-73.96045,Entire home/apt,200,1,9,2016-10-13,0.2,1,0
22356845,The BROOKLYN Room with Outdoor Space,7416563,Timo,Brooklyn,Downtown Brooklyn,40.68962,-73.98489,Entire home/apt,80,4,87,2019-06-16,4.71,1,4
35029551,3000 sq. ft. Designer Loft in the heart of NYC,29001886,Ella,Manhattan,East Village,40.73256,-73.99102,Entire home/apt,700,6,0,,,1,9
11442670,Females Only Private Room JFK 1Omin,60145132,Annett And Chuck,Queens,Jamaica,40.69462,-73.80178,Private room,40,1,1,2016-10-08,0.03,1,88
26814302,Amazing Studio at the Time Square Area/54C,48146336,Irina,Manhattan,Hell's Kitchen,40.76118,-73.99342,Entire home/apt,120,30,3,2019-04-07,0.33,20,346
7074504,Lovely private room with half bath,37091023,Olivia,Brooklyn,Park Slope,40.67102,-73.9808,Private room,100,1,1,2015-07-19,0.02,1,0
31509696,Quaint Furnished Studio in Doorman Building!,234650220,Pacita,Brooklyn,Brooklyn Heights,40.69657,-73.99604,Entire home/apt,79,3,1,2019-06-01,0.77,1,94
11714137,Charming home in Brooklyn,1486872,Kelly,Brooklyn,Gowanus,40.67061,-73.9904,Entire home/apt,250,7,5,2019-05-17,0.15,2,1
12368099,Home 4 Medical Professionals-St Johns Hospital,26377263,Stat,Queens,Far Rockaway,40.5978,-73.75296,Private room,40,30,0,,,43,354
32287174,"Brownstone Apt, 1min to Subway, 20min to Manhattan",242348374,Ninja & Sung,Brooklyn,Clinton Hill,40.68846,-73.96139,Entire home/apt,195,3,12,2019-07-01,3.71,1,38
34143632,"Big, Bright, Beautiful Roommate Share in Prime BK",257773717,Lydia,Brooklyn,Williamsburg,40.70954,-73.96284,Private room,58,30,0,,,5,308
35616402,Cozy room for NYC summer rental,152132335,Ursula,Queens,Woodside,40.74164,-73.90289,Private room,100,5,0,,,1,197
21110494,Nice  spotless room attached PRIVATE FULL BATHROOM,120767920,Jimmy &Cindy,Queens,Flushing,40.75898,-73.81448,Private room,45,3,67,2019-06-21,3.16,10,349
28584472,Art gallery apartment in the center of Manhattan,50462097,Jirayus,Manhattan,Hell's Kitchen,40.76435,-73.9875,Entire home/apt,199,2,35,2019-07-05,4.29,1,200
2794734,Spacious brownstone parlour ,2343136,Tyson,Brooklyn,Cobble Hill,40.68811,-73.99421,Entire home/apt,175,1,2,2015-04-26,0.03,1,0
36004542,Cosy Bedroom in the Heart of Manhattan,30461045,Dayana,Manhattan,Midtown,40.76384,-73.98248,Private room,125,1,6,2019-07-01,6.0,1,142
10647977,Cozy studio in WaHi,32298504,Cassy,Manhattan,Washington Heights,40.83723,-73.94249,Entire home/apt,70,3,34,2018-10-24,0.81,1,0
7917251,"Amazing LES apt - cool, bright...",41747327,Amy,Manhattan,Lower East Side,40.71909,-73.99028,Entire home/apt,95,1,98,2019-06-23,2.13,1,240
394026,ArtistLoft-MccarenPark-Williamsburg,1651591,Todd,Brooklyn,Greenpoint,40.72049,-73.95221,Private room,90,2,2,2018-10-08,0.02,2,89
17512883,Amazing 1 Bedroom | 1 Bedroom | Skyline View,3191545,Kyle,Manhattan,Murray Hill,40.74919,-73.97244,Entire home/apt,135,30,0,,,23,365
19538717,East Williamsburg Studio,48542743,Yoon,Brooklyn,Williamsburg,40.71204,-73.93535,Entire home/apt,70,5,2,2018-09-05,0.19,1,0
794427,Prospect Park Modern 3 Bedroom,4185135,David,Brooklyn,Windsor Terrace,40.65875,-73.9766,Entire home/apt,225,300,13,2018-04-07,0.23,2,0
35971885,Private Room + Outdoor Space in Modern Chelsea Apt,261627898,Brett,Manhattan,Chelsea,40.74672,-74.00431,Private room,105,1,2,2019-07-06,2.0,2,31
34255385,Amazing Apartment infront of Williamsburg Bridge!,258412458,Sophia,Brooklyn,Williamsburg,40.71289,-73.96603,Entire home/apt,300,2,3,2019-06-16,1.84,1,25
30388944,Mod + Lux Theater District 1BR w/ Indoor pool by Blueground,107434423,Blueground,Manhattan,Theater District,40.75971,-73.98551,Entire home/apt,347,30,0,,,232,266
25355282,Bed Available in Brooklyn,26996515,Will,Brooklyn,Bedford-Stuyvesant,40.68878,-73.92857,Shared room,30,1,21,2018-09-30,1.6,2,0
22339430,*Ep)  Beautiful Private Room 20 min to Manhattan,154258141,Elsie,Brooklyn,Bushwick,40.68804,-73.91493,Private room,75,2,46,2019-06-24,2.65,10,360
35614263,"Luxury, Cozy & Modern apartment in Brooklyn",193961455,Gerald,Brooklyn,Williamsburg,40.7191,-73.94494,Entire home/apt,190,1,7,2019-07-06,7.0,1,210
1317612,"Sunny Rm #3, Air Conditioner, Park,Express Q train",2478675,Gina,Brooklyn,Flatbush,40.65393,-73.95845,Private room,36,1,173,2019-06-29,2.38,5,360
19197632,Heart Of Queens 2❤️❤️/ Jackson Heights/ Elmhurst,123483050,Andrea,Queens,Elmhurst,40.74741,-73.88149,Private room,85,1,92,2019-06-20,3.7,3,166
19603055,1- Bedroom in East Harlem,25959120,Dan,Manhattan,East Harlem,40.78668,-73.94247,Private room,85,2,2,2017-08-16,0.08,1,0
4588678,Gorgeous bohemian  Apt. in a Brownstone,66286,Liat,Brooklyn,Bedford-Stuyvesant,40.68596,-73.94068,Entire home/apt,100,2,2,2017-08-08,0.05,2,0
2036105,Private room  D,10384906,Susan,Brooklyn,Dyker Heights,40.6283,-74.01608,Private room,30,1,67,2019-01-22,0.99,5,150
34420814,Beautiful Room + Private Bath Same St As Subway!,219727469,Marcelo,Brooklyn,Bedford-Stuyvesant,40.67903,-73.91037,Private room,60,1,2,2019-05-21,1.05,4,9
15196650,Cozy East Village home away from home...,22073094,Page,Manhattan,East Village,40.72782,-73.9862,Private room,110,1,0,,,1,0
9998091,A bedroom in Chinatown,22735666,Simon,Manhattan,Chinatown,40.71346,-73.99592,Private room,95,1,1,2016-01-02,0.02,1,0
18971993,Sunny Bedroom Steps to Subway & Central Park,128237188,Mante,Manhattan,East Harlem,40.79631,-73.94348,Private room,79,3,66,2019-06-25,2.67,1,263
1434010,Brooklyn College Manor,5654072,Mark,Brooklyn,Flatbush,40.63427,-73.95248,Entire home/apt,171,2,34,2019-07-02,1.47,3,243
3887381,Modern 2BR Near Union Square,8179499,Brent,Manhattan,East Village,40.73177,-73.98598,Entire home/apt,180,5,0,,,1,0
35859800,Spectacular Sunny 3Br | 2Ba,268612146,Sharon & Henry,Manhattan,Financial District,40.70762,-74.00233,Entire home/apt,600,3,0,,,1,355
600877,Rare Loft Apt in Heart of Brooklyn,2973437,Kevin + Casey,Brooklyn,Boerum Hill,40.68379,-73.98313,Entire home/apt,180,3,2,2015-12-29,0.05,1,0
22686751,**Summer in SugarHill Manhattan is VERY Sweet**,167208041,Abel,Manhattan,Harlem,40.82476,-73.94332,Entire home/apt,173,2,78,2019-07-06,4.43,1,0
7995140,Loft with garden  - Williamsburg,3318161,Etienne,Brooklyn,Williamsburg,40.71212,-73.95888,Entire home/apt,170,3,36,2019-05-27,0.77,1,1
23788708,"Location! Location! Location! Quiet and Cozy, 3 bd",154965091,Joe,Manhattan,Hell's Kitchen,40.76934,-73.98782,Entire home/apt,375,2,22,2019-06-19,1.65,4,77
3379914,Spacious & Cozy NYC Apartment in Brooklyn/Queens,9317567,Suzy,Queens,Ridgewood,40.70026,-73.90721,Entire home/apt,89,10,10,2019-03-18,0.18,1,222
28367520,Peaches Cozy Corner,214171931,Camorine,Queens,St. Albans,40.69544,-73.77663,Private room,50,1,81,2019-06-16,8.02,1,232
761835,Apto 2 bed $80 night per person,4015459,Joao Lucas,Queens,Astoria,40.76605,-73.92922,Private room,80,2,72,2019-06-30,0.89,1,364
11315999,Summer in the City,5577926,Lou,Queens,Astoria,40.76821,-73.9125,Private room,60,1,72,2019-06-15,1.82,4,0
19787716,Specious charming 2 bed room in Williamsburg,1804766,Omer,Brooklyn,Williamsburg,40.71271,-73.95894,Entire home/apt,108,7,0,,,1,0
14864014,"Ultramodern Luxury 1 BR w/ Terrace, Crown Heights",322716,Alex,Brooklyn,Crown Heights,40.67162,-73.95009,Entire home/apt,155,7,19,2019-06-18,0.56,5,333
13974584,Private Bedroom in 2-floor Bushwick Apartment,3152934,Cheno,Brooklyn,Bushwick,40.68758,-73.91321,Private room,50,1,2,2016-08-06,0.06,1,0
33847217,BIG BEDROOM CLOSE TO LA GUARDIA AIRPORT FREE WIFI,22784412,Stephanie,Queens,East Elmhurst,40.76402,-73.89098,Private room,44,1,0,,,2,0
33009,Retreat in Williamsburg,143027,Ming,Brooklyn,Williamsburg,40.71492,-73.95935,Entire home/apt,195,4,240,2019-06-17,2.19,1,214
27368472,Sonder | 21 Chelsea | Lively Studio + Rooftop,12243051,Sonder,Manhattan,Chelsea,40.74272,-73.99599,Entire home/apt,202,29,0,,,96,279
17405175,Joy,38294216,Rachel,Queens,South Ozone Park,40.66561,-73.81103,Private room,50,15,2,2019-04-19,0.39,4,190
21549898,"UWS Jewel, oval living room in a charming hometown",6420489,Lorena,Manhattan,Upper West Side,40.77845,-73.98198,Entire home/apt,315,4,16,2019-05-31,0.84,1,7
26603881,SPACIOUS 3 BR APT 5 MNS TO CENTRAL PARK NORTH,17344881,El,Manhattan,Harlem,40.80269,-73.94687,Entire home/apt,300,2,0,,,3,353
27023307,"Large, True 1BR - Heart of Nolita/Soho/LittleItaly",3399151,Charles,Manhattan,Nolita,40.72235,-73.99454,Entire home/apt,140,1,9,2019-05-17,0.97,1,11
13858187,Large Two Story Loft in the Heart of West Village,79338533,Yasir,Manhattan,West Village,40.73103,-74.00906,Entire home/apt,300,3,1,2016-07-18,0.03,1,0
25107333,*NEW-LUXURY Heart of MidWest Step away from TimeSQ,186141107,Lindsey,Manhattan,Hell's Kitchen,40.76097,-73.99959,Entire home/apt,200,4,38,2019-06-24,2.79,1,159
13864889,Vintage Artist Loft-Studio on Upper West Side,28250,Waybridge,Manhattan,Upper West Side,40.78023,-73.97884,Entire home/apt,135,5,28,2019-07-01,0.8,1,24
4640515,"Small, Cozy, Clean and Modern private room!",23355801,Andrey,Manhattan,Harlem,40.8257,-73.93786,Private room,65,1,40,2019-06-25,2.88,1,45
15777411,"NYMT21-6 LUXURY! 1 bedroom,Cozy,Gym,doorman Ap-2",39890192,Laura,Manhattan,Hell's Kitchen,40.76383,-73.98947,Entire home/apt,160,45,17,2019-05-09,0.54,12,281
35056734,Three Blocks to Times Square & Central Park,178164173,Ale,Manhattan,Hell's Kitchen,40.76394,-73.99466,Shared room,400,1,0,,,1,44
33579779,Great Apartment super close to the train.,198666639,Bernard,Brooklyn,Cypress Hills,40.67875,-73.90704,Entire home/apt,160,2,2,2019-06-18,2.0,1,162
2435408,Modern Duplex Studio Factory Loft,7503643,Vida,Brooklyn,Greenpoint,40.72669,-73.9419,Entire home/apt,129,30,9,2019-04-30,0.16,52,325
4187747,UPPER EAST Landmark Blding:Walk to Central Park,5309160,Elizabeth And Roberto,Manhattan,Upper East Side,40.77065,-73.95064,Entire home/apt,94,30,15,2016-02-21,0.26,1,309
21535963,Midtown Manhattan Oasis (2-Bedroom Vacation Suite),41123114,Jeff & Kelly,Manhattan,Theater District,40.76163,-73.98023,Private room,949,2,7,2019-01-01,0.36,1,8
27927068,Designer Beach House Studio in Williamsburg,8171440,Geoffrey,Brooklyn,Williamsburg,40.71286,-73.95898,Entire home/apt,150,2,17,2019-05-28,1.68,1,0
35461700,Artsy Private BR in Fort Greene Cumberland,230192510,Zach,Brooklyn,Fort Greene,40.69774,-73.97502,Private room,48,30,0,,,25,341
27933214,Beautiful Studio in Brooklyn,138086216,Eli,Brooklyn,Bergen Beach,40.62299,-73.90501,Entire home/apt,97,2,25,2019-06-30,2.68,1,148
29383021,"Cozy room C in upper west side NY, Columbia",221355351,James,Manhattan,Morningside Heights,40.81386,-73.95936,Private room,90,1,55,2019-06-15,6.4,4,87
28078505,New york Multi-unit building,122849679,Maria,Brooklyn,Sheepshead Bay,40.59085,-73.95405,Private room,70,1,2,2018-11-03,0.2,1,0
20639628,Spacious comfortable master bedroom with nice view,86327101,Adeyemi,Brooklyn,Bedford-Stuyvesant,40.68173,-73.91342,Private room,0,1,93,2019-06-15,4.28,6,176
27656752,Traditional NYC Oasis - Near Times Square,208699273,Spencer,Manhattan,Hell's Kitchen,40.76384,-73.98822,Entire home/apt,379,2,31,2019-06-21,3.24,1,238
13466561,Sunny and light bedroom in Downtown Manhattan,6980995,Dominik,Manhattan,Two Bridges,40.71159,-73.99884,Private room,119,1,3,2016-11-06,0.09,5,0
7997433,30 Mins to Times Square -Javits Ctr! Awesome food!,42215969,Isaac,Queens,Woodside,40.74583,-73.90059,Entire home/apt,450,1,0,,,1,341
34754241,Charming Hell’s Kitchen Studio,46588955,Emily,Manhattan,Hell's Kitchen,40.7659,-73.98764,Entire home/apt,289,2,0,,,1,8
6426032,Beautiful Apartment in Williamsburg,33533091,Maeve,Brooklyn,Williamsburg,40.70885,-73.94927,Entire home/apt,200,5,0,,,1,0
36308266,A large bedroom with a king size bed in Queens.,272267421,Darkhan,Queens,Maspeth,40.73452,-73.88795,Private room,70,1,0,,,3,75
7084621,Renovated W. Village 2 bed 2 bath,27919510,Alexander,Manhattan,West Village,40.73634,-74.00485,Entire home/apt,350,1,7,2017-01-01,0.15,1,0
29156377,Historic Harlem New York Get-Away with charm,219462780,Curtis Green,Manhattan,Harlem,40.82746,-73.94718,Private room,60,2,1,2018-12-14,0.14,1,83
21711746,Renovated private apartment close to subway train,26809413,Ekta,Brooklyn,Flatbush,40.64658,-73.96909,Entire home/apt,95,2,27,2019-06-24,1.46,1,167
22796694,room 3 Manhattan private room,164886138,Eliahu,Manhattan,Harlem,40.81376,-73.95354,Private room,69,2,4,2018-10-28,0.29,11,180
1847261,AUTHENTIC TRIBECA LOFT NEAR SOHO,315654,Genevieve,Manhattan,Tribeca,40.71417,-74.00678,Entire home/apt,240,3,60,2019-05-04,0.91,1,348
34902183,Calming & Bright 1 BR Apt in Upper West Side,263054681,Carmen,Manhattan,Harlem,40.81982,-73.94481,Entire home/apt,93,30,0,,,1,325
15374564,Caribnb- Charming stay in a private 2 family home,33991916,Caribnb Hazel,Brooklyn,Flatbush,40.64361,-73.95367,Private room,86,2,53,2019-07-07,1.64,1,324
4244242,Best Bedroom in Bedstuy/Bushwick. Ensuite bathroom,22023014,BrooklynSleeps,Brooklyn,Bedford-Stuyvesant,40.69496,-73.93949,Private room,70,1,110,2019-06-23,1.96,1,323
36451362,Cozy Queen bed in Quiet Bedstuy!,154095549,Wa,Brooklyn,Bedford-Stuyvesant,40.69195,-73.94225,Private room,47,2,0,,,2,48
23980622,Manhattan private room 2  Columbia university area,180380802,Avner,Manhattan,Harlem,40.81312,-73.95364,Private room,65,1,11,2019-05-07,0.71,4,365
24080143,"Beautiful Private Room near Highline, and Train",44292356,Colin,Manhattan,Chelsea,40.74648,-74.00266,Private room,89,30,30,2019-06-27,2.73,1,105
20778074,Queit get away,148897644,Patrick,Brooklyn,Crown Heights,40.6679,-73.93976,Private room,65,1,0,,,1,0
7636280,Calm and Cute Entire Studio,40058595,Sloane,Manhattan,Upper East Side,40.77865,-73.94858,Entire home/apt,175,2,4,2016-05-29,0.08,1,0
13926549,Beautiful 1 Bedroom 2 blocks from Central Park,82719112,Adam,Manhattan,Upper West Side,40.78296,-73.97743,Entire home/apt,250,1,1,2016-08-14,0.03,1,0
13411560,Cozy and charming studio in UWS,26676357,Connie,Manhattan,Upper West Side,40.77856,-73.98278,Entire home/apt,150,7,2,2017-01-08,0.05,1,0
4135674,Warm & lovely garden duplex in BK,2011110,Rebecca,Brooklyn,Fort Greene,40.68786,-73.97339,Entire home/apt,300,1,5,2015-07-10,0.09,1,0
35874052,Cozy room with Queen Bed close to Columbia Uni,41434577,Nino,Manhattan,Morningside Heights,40.80413,-73.96556,Private room,49,30,0,,,1,32
1844705,Lux Doorman by 11 trains,9637768,Reginald,Brooklyn,Boerum Hill,40.68897,-73.98765,Private room,89,90,47,2015-12-11,0.73,1,365
27466393,Sunny bdr w stunning view in prime Williamsburg!!!,8879096,Cristina,Brooklyn,Williamsburg,40.71688,-73.95107,Private room,65,3,6,2019-04-11,0.54,1,0
4853011,Charming apt in beautiful Brooklyn!,24967136,Paul,Brooklyn,Bedford-Stuyvesant,40.6804,-73.93183,Entire home/apt,105,7,53,2018-10-28,1.12,2,77
11718329,Luxury Bright NYC Apartment,41411171,Asem,Manhattan,Upper West Side,40.79469,-73.96575,Private room,40,1,0,,,1,0
15113377,"PH Cozy, Clean, Close to Everything",64821734,Whit,Brooklyn,Crown Heights,40.67933,-73.96219,Entire home/apt,150,2,16,2017-08-06,0.48,1,35
1702533,BROOKLYN FAVORITE VACATION HOME 2,8335875,Mr. Williams,Brooklyn,Park Slope,40.68242,-73.97904,Entire home/apt,215,3,59,2019-05-23,0.84,1,356
4777597,Beautiful Apt - Flatiron/ Chelsea,10319096,Saville,Manhattan,Chelsea,40.73932,-73.99264,Entire home/apt,215,1,0,,,1,0
20089288,"#4 Cozy And Bright Room, 30 Minutes to Manhattan",619942,Stacy & Simon,Brooklyn,Cypress Hills,40.68863,-73.8706,Private room,38,30,43,2019-06-01,1.87,6,193
20998265,Charming- cozy bedroom,90531953,Carolina,Bronx,Concourse,40.82453,-73.92563,Private room,60,1,16,2018-01-01,0.74,1,0
20758111,2BR Private Summer Oasis in Manhattan,36170398,Jeff,Manhattan,Harlem,40.82673,-73.94633,Entire home/apt,75,30,0,,,1,32
24783060,[Priv Rooftop] Sunny-Spacious duplex Penthouse,187388261,Miguel,Brooklyn,Bedford-Stuyvesant,40.68135,-73.93709,Entire home/apt,140,8,1,2018-12-31,0.16,1,0
28105759,Spacious One-Bedroom apartment - Manhattan,212306955,Axelle,Manhattan,Washington Heights,40.85508,-73.92779,Entire home/apt,110,2,9,2019-07-07,0.96,1,157
34819184,Home McDonald,156850005,Sharon,Queens,Jackson Heights,40.756,-73.87756,Private room,77,1,1,2019-05-29,0.73,2,355
23389897,Cozy E. Williamsburg 3-bedroom apt! (Bedroom 1),60521448,Isabelle,Brooklyn,Williamsburg,40.70665,-73.93894,Private room,59,5,0,,,2,67
30133610,Cozy Mid-Town East Penthouse With Terrace,3202935,Cricket,Manhattan,Midtown,40.75199,-73.9725,Entire home/apt,350,3,17,2019-05-30,2.49,1,33
10012551,Cute and Sunny 2 BR Wburg Apt,14910665,Rebeka,Brooklyn,Williamsburg,40.71273,-73.95749,Entire home/apt,175,1,3,2016-03-20,0.07,1,0
24119086,Private clean room complementary coffee Manhattan,6636052,Renat,Manhattan,East Harlem,40.79805,-73.93527,Private room,65,2,62,2019-07-06,4.14,1,9
16172073,Sunny renovated 1 BR in Brooklyn by Prospect Park,105572605,Peter,Brooklyn,Flatbush,40.64745,-73.96207,Entire home/apt,72,1,15,2019-06-23,3.13,1,1
13765949,Cute sunny Upper East Side Studio,64839278,Opeyemi,Manhattan,Upper East Side,40.77316,-73.94998,Entire home/apt,120,2,29,2017-12-30,0.8,1,0
34688471,Sleep comfort,156505456,John,Brooklyn,East New York,40.66646,-73.8734,Private room,54,3,1,2019-05-20,0.59,13,365
16271818,Amazing & Unique Soho/Nolita One Bedroom,10263854,Andrew,Manhattan,Chinatown,40.71833,-73.99443,Entire home/apt,250,1,29,2019-06-21,0.95,1,358
12446548,Sunny Quiet Bedroom in Brooklyn,102525,David,Brooklyn,South Slope,40.66768,-73.98425,Private room,60,3,27,2019-05-20,0.71,2,308
30208046,Lovely & Sunny bedroom in Astoria ( Female only),169490939,Ikrame,Queens,Astoria,40.76635,-73.9205,Private room,89,3,2,2019-04-16,0.71,2,208
8841646,Art & Light-Filled Apt By The Park,5380471,John,Manhattan,East Harlem,40.79037,-73.9445,Entire home/apt,125,1,2,2015-11-29,0.04,1,0
2170618,Brooklyn Artist Bdrm center of everything,11073109,Maya,Brooklyn,Clinton Hill,40.68214,-73.96474,Private room,61,4,3,2015-08-17,0.06,1,0
16586785,Williamsburg Penthouse w/ Private Roof,3781090,Jamil,Brooklyn,Williamsburg,40.70724,-73.94379,Entire home/apt,100,2,36,2019-05-27,1.19,1,0
30281771,Charming duplex with backyard in Carroll Gardens,13291840,Agathe,Brooklyn,Carroll Gardens,40.67992,-73.99282,Entire home/apt,100,4,2,2019-04-26,0.31,1,35
7782340,Fabulous Apartment in NYC,25881276,Jordana,Manhattan,Upper West Side,40.79063,-73.97864,Entire home/apt,175,2,13,2016-04-09,0.28,2,0
29411550,NEW Stylish Midtown 2 bedroom w/ balcony,221548872,Charlie,Manhattan,Hell's Kitchen,40.75504,-73.99521,Entire home/apt,390,2,3,2019-01-20,0.36,1,0
22448088,Room for rent in the heart of Manhattan,686385,Ava,Manhattan,Upper East Side,40.77509,-73.95554,Private room,80,1,58,2019-06-23,3.64,1,45
17872922,Cozy 2-Bedroom in Williamsburg by the bridge,30494797,Terry,Brooklyn,Williamsburg,40.71185,-73.95806,Entire home/apt,100,20,10,2018-12-22,0.42,1,45
14357767,Cozy Brownstone Garden Apartment (King&Twin Bed ),40542519,Josefina,Brooklyn,Prospect Heights,40.67679,-73.96661,Entire home/apt,120,3,36,2019-01-14,1.06,1,89
10165064,❤️FAB APT WITH PRIVATE GARDEN NEAR CENTRAL PARK!,39603281,Marty,Manhattan,Upper West Side,40.79437,-73.97152,Entire home/apt,165,1,188,2019-07-05,4.42,1,328
19766312,Room in conveniently located charming apartment,3118776,Akiko,Queens,Long Island City,40.76363,-73.93033,Private room,48,5,52,2019-06-24,2.17,1,8
118430,Heart of Meatpacking & Chelsea,585458,Paul,Manhattan,Chelsea,40.74412,-74.00208,Private room,290,2,35,2019-01-03,0.36,1,20
19499668,Cozy Sofa Bed in Upper Manhattan,3372118,Natasha,Manhattan,Washington Heights,40.84133,-73.93739,Shared room,50,1,21,2019-06-15,0.86,1,188
18650569,A Home Base in Brooklyn,35881969,John,Brooklyn,Williamsburg,40.70545,-73.94714,Private room,58,1,96,2019-06-15,3.82,2,79
31147386,Spacious Studio near Prospect Park,9664155,Ewa,Brooklyn,Windsor Terrace,40.6518,-73.97575,Entire home/apt,52,30,1,2019-03-31,0.3,1,0
35521820,Bright & beautiful loft - heart of Williamsburg!,10160373,Mj,Brooklyn,Williamsburg,40.71144,-73.96488,Entire home/apt,200,2,0,,,1,4
764052,1 Bedroom Apartment in quiet area.,2618273,Sabrina,Queens,Ditmars Steinway,40.77466,-73.91807,Entire home/apt,390,3,1,2016-12-27,0.03,1,89
14264490,Sunny Windsor Terrace 3 BR + deck,2487882,Craig,Brooklyn,Windsor Terrace,40.65092,-73.98054,Entire home/apt,120,5,1,2018-08-15,0.09,2,0
22208060,"Large, sunny room in the heart of Williamsburg!",3791823,Nicole,Brooklyn,Williamsburg,40.70902,-73.96059,Private room,70,4,1,2018-12-31,0.16,1,0
4396142,Entirely private suite in our townhouse!,1167801,Pascal & Karin,Queens,Long Island City,40.75227,-73.95012,Entire home/apt,160,4,79,2019-06-30,1.38,1,133
17845507,Small room in South Slope House,122079426,Martha,Brooklyn,South Slope,40.6632,-73.98529,Private room,50,1,19,2017-06-12,0.71,1,0
21695365,"Affordable, safe & close to the City",129494490,Yuliya,Brooklyn,Crown Heights,40.6703,-73.93241,Private room,36,10,0,,,1,0
30293703,"LUXURIOUS 5 bedroom, 4.5 bath home",36332698,Lisa,Manhattan,Upper West Side,40.79009,-73.97544,Entire home/apt,2999,1,0,,,1,0
9806373,"Bright Spacious Brooklyn Gem, 3 BR",50523735,Grace,Brooklyn,Prospect-Lefferts Gardens,40.6576,-73.94609,Entire home/apt,140,2,131,2019-06-23,3.06,1,273
27784542,Artistic Loft w Fireplace & Manhattan Skyline,33655,Sruthi,Brooklyn,Columbia St,40.68388,-74.00484,Entire home/apt,210,2,11,2019-07-02,1.24,2,120
4671552,Garden Level Brooklyn Brownstone,10860081,Hillary,Brooklyn,Clinton Hill,40.68241,-73.96354,Entire home/apt,130,1,9,2015-12-27,0.16,1,0
35633408,Impeccable Private one&half bedroom and full bath,83132880,Alyandry,Queens,Maspeth,40.73859,-73.89534,Private room,49,2,0,,,4,307
34143463,"Feel-Good Decor, Lux Private Room & Great Location",257773717,Lydia,Brooklyn,Williamsburg,40.70887,-73.96249,Private room,58,30,0,,,5,333
13488659,Basement Sublet Space open from June 28th-July17th,77280363,Michael,Queens,Ridgewood,40.69807,-73.90614,Private room,40,21,0,,,1,0
3517646,"Spacious, light-filled home by Prospect Park",17711637,Carrie,Brooklyn,Kensington,40.6451,-73.97798,Entire home/apt,210,5,3,2018-08-13,0.05,1,0
13495754,"Peaceful, Light-filled Room - Greenpoint, BK",1439261,Michele,Brooklyn,Greenpoint,40.73265,-73.95393,Private room,65,7,38,2019-01-23,1.08,1,10
33932806,Trendy Private BR in Ridgewood Woodbine,242962235,Yuval,Queens,Ridgewood,40.70885,-73.89634,Private room,34,30,0,,,23,136
23106361,★Spacious Private Room★ MANHATTAN + Close to Park!,171660157,Del,Manhattan,Harlem,40.82748,-73.95083,Private room,65,4,10,2019-01-15,0.6,1,2
30507110,Small room in shared APT near CUMC.,228945290,Daehan,Manhattan,Washington Heights,40.84215,-73.94266,Private room,45,1,4,2019-06-23,0.57,1,90
5210286,Chic Apartment in Sunny Brownstone Building,8353665,Alexandra,Manhattan,Harlem,40.82227,-73.94878,Entire home/apt,150,4,4,2019-05-15,0.07,1,33
2247803,"Landmark Brownstone, Crown Heights",11333699,Clifton,Brooklyn,Crown Heights,40.67112,-73.94536,Entire home/apt,105,2,281,2019-06-30,4.29,1,248
30250766,"Staten Island - Free Wifi, Parking Space, Near NYC",225160295,Yun,Staten Island,Rosebank,40.61438,-74.0664,Entire home/apt,138,1,51,2019-07-02,7.18,1,291
36097970,Astonishing Nomad Apt in the Center Of Manhattan,270292053,Teufik,Manhattan,Chelsea,40.7469,-73.99038,Entire home/apt,350,3,3,2019-07-03,3.0,1,345
28084536,Casa familiar,212157854,Camilo,Bronx,Concourse,40.83703,-73.91643,Private room,40,2,32,2019-06-29,3.08,2,132
24412825,Modern Super Clean Midtown Apt in the Heart of NYC,6451492,Tom,Manhattan,Upper East Side,40.76129,-73.9652,Entire home/apt,175,2,54,2019-03-27,3.72,1,0
29282847,Spacious Central Park Apartment,80026984,Keziah,Manhattan,Harlem,40.80132,-73.95496,Entire home/apt,195,3,3,2019-07-02,0.4,1,239
12190495,"1 BD in stylish renovated 2BDs, Clinton Hill",66127,Aurélien,Brooklyn,Bedford-Stuyvesant,40.68762,-73.95604,Private room,49,7,13,2019-05-21,0.36,1,0
4219851,"Bushwick Brooklyn NYC Apt, with LG kitchen & yard!",21902316,Amy,Brooklyn,Bushwick,40.70071,-73.92913,Entire home/apt,95,2,19,2019-05-27,0.44,2,172
25618970,Williamsburg Luxury Artist Loft With All Amenities,249006,Samuel,Brooklyn,Williamsburg,40.7213,-73.96042,Entire home/apt,200,5,11,2019-06-29,0.92,1,0
19180868,Central Park at your Door!,128744452,Cassidy,Manhattan,Harlem,40.80063,-73.95389,Private room,52,4,39,2019-06-22,1.65,1,242
22651464,12 east 86th Steet Upper East Side Building,165898555,Honey,Manhattan,Upper East Side,40.77719,-73.9529,Entire home/apt,200,30,0,,,7,364
30364369,hip and cosy Brooklyn family retreat,12838954,Vincent,Brooklyn,Bedford-Stuyvesant,40.68696,-73.94382,Entire home/apt,375,7,0,,,1,0
35794314,Penthouse Apartment with *Private* Rooftop,23715245,Sara,Manhattan,Lower East Side,40.71976,-73.98397,Entire home/apt,275,2,1,2019-06-23,1.0,1,12
17418177,"Spacious, Private 2 BR , 4 Bathrooms in Brooklyn",95341719,Estie,Brooklyn,Crown Heights,40.66971,-73.94351,Entire home/apt,275,1,26,2019-06-21,0.96,3,271
35932913,Huge bedroom in Morningside Heights townhouse,73964015,Austin,Manhattan,Harlem,40.80494,-73.95463,Private room,150,1,0,,,1,8
295231,"Sunny, clean br available",1387286,Felicia,Brooklyn,Williamsburg,40.70918,-73.94881,Private room,60,7,1,2014-03-24,0.02,2,0
4541102,"Perfect 2 Bed Bklyn Apt, near SUNY Downstate!",23548583,Shari,Brooklyn,East Flatbush,40.65262,-73.94211,Entire home/apt,109,30,23,2019-05-01,0.44,2,221
29418724,Park view New York Apartment,57675402,Nofar,Manhattan,Morningside Heights,40.81424,-73.96051,Entire home/apt,100,4,2,2018-12-27,0.3,1,0
5252343,Close to LGA/JFK & 15min to Midtown,419629,Nicky,Queens,Elmhurst,40.74125,-73.89035,Private room,47,2,2,2015-02-23,0.04,1,17
12609695,Comfy in Queens!,66734502,Laura,Queens,Astoria,40.76188,-73.91766,Private room,55,3,3,2016-08-24,0.08,2,0
22026830,Prime Park Slope on 14th Street,160847231,Mike,Brooklyn,South Slope,40.66615,-73.98747,Entire home/apt,131,2,67,2019-06-27,3.94,1,61
1759526,Lovely Room in Awesome Apartment - Fun/Convenient,104250,Yair,Manhattan,Chelsea,40.74563,-73.99325,Private room,90,3,6,2019-06-03,0.1,1,11
29179815,Excellent Private Room,211146044,Ann,Brooklyn,Bedford-Stuyvesant,40.69363,-73.9404,Private room,60,2,29,2019-06-02,3.95,3,292
27925378,Peaceful Studio In South Williamsburg,31296185,Mat,Brooklyn,Williamsburg,40.71286,-73.9599,Entire home/apt,140,2,4,2019-06-22,1.04,1,213
31986430,Cozy & Shinny 1BR in Lower East Side,21976589,Benjamin,Manhattan,Lower East Side,40.71957,-73.98538,Entire home/apt,180,18,3,2019-06-03,0.57,1,22
13750812,Private room w/ 2 Beds,65809485,Shirley,Queens,Flushing,40.74821,-73.82948,Private room,40,7,19,2019-06-23,0.52,12,251
1324087,Lovely 1-bedroom-heart of Astoria,6002245,Nicholas,Queens,Astoria,40.76062,-73.9175,Entire home/apt,80,70,44,2019-04-26,0.61,1,198
13572291,CLEAN Downtown Studio Crash Pad!,48681901,Krystina,Manhattan,East Village,40.72605,-73.98705,Entire home/apt,99,17,11,2019-06-01,0.3,1,0
6348548,Family Friendly Getaway,33070890,Susan,Brooklyn,Flatbush,40.63025,-73.96555,Entire home/apt,100,28,0,,,1,4
25193752,Cozy private living in Queens,14323652,Brandon,Queens,Elmhurst,40.73873,-73.88147,Entire home/apt,85,2,36,2019-03-31,2.65,1,130
24266063,Beautiful Contemporary Duplex w. Patio & Roofdeck,1327248,Ian,Brooklyn,Williamsburg,40.71651,-73.95623,Entire home/apt,199,2,4,2019-05-27,0.3,1,93
28871214,Bedroom Walking Distance to Central Park,75285802,Lauren,Manhattan,East Harlem,40.78689,-73.945,Private room,72,5,21,2019-06-23,2.23,2,165
30805617,61 street and 2 ave apt D Manhattan,180380802,Avner,Manhattan,Midtown,40.75169,-73.97162,Entire home/apt,140,2,1,2019-05-19,0.59,4,354
13934790,Romantic Art-Filled Apartment with Large Backyard,21493738,Natalie,Brooklyn,Crown Heights,40.66957,-73.94804,Entire home/apt,150,3,0,,,2,0
6438239,A spacious studio in Midtown / UES,11885649,Jay,Manhattan,Upper East Side,40.76313,-73.96192,Entire home/apt,195,3,0,,,1,0
13479302,Sunny 1BR in East Village,35309931,Eugene,Manhattan,Gramercy,40.73277,-73.98448,Entire home/apt,170,4,9,2018-06-25,0.24,1,0
458154,"Cozy private room, williamsburg NYC",2268393,Javier & Jorge,Brooklyn,Williamsburg,40.7061,-73.94531,Private room,55,4,132,2019-06-10,1.51,2,195
61406,Great room in great location,297176,Bethania,Manhattan,Harlem,40.80335,-73.9575,Private room,80,14,10,2019-06-01,2.21,2,0
28781373,Spacious & Sunny Brooklyn Home,5188470,Zoe,Brooklyn,Flatbush,40.6437,-73.95973,Entire home/apt,65,4,11,2019-07-07,1.46,1,19
15481609,Huge Loft Size Room with Private Bath in Hip Area!,99392252,Michael,Brooklyn,Bedford-Stuyvesant,40.69115,-73.94526,Private room,65,1,194,2019-05-27,5.88,4,0
35939805,Chill & Cozy bedroom in the heart of Brooklyn.,104423008,Mimi & Elen,Brooklyn,Bedford-Stuyvesant,40.68715,-73.94232,Private room,45,2,1,2019-06-29,1.0,1,6
6662487,Beautiful & Private Manhattan Room,34874378,Jessica,Manhattan,Harlem,40.82398,-73.94846,Private room,75,1,59,2017-09-15,1.19,2,0
33431582,Comfortable clean overnight bed by Central Park,251852817,Owen,Manhattan,East Harlem,40.79922,-73.94187,Shared room,49,1,22,2019-06-30,6.53,7,83
33571420,"DEMETRIO’S ROOM
Close to JFK and LGA Airport",245710234,Marcelo Y Lucio,Queens,Elmhurst,40.72997,-73.87183,Private room,51,1,20,2019-06-25,6.38,4,365
9132614,Room in the heart of Williamsburg,9870919,Sebastian,Brooklyn,Williamsburg,40.71253,-73.96023,Private room,75,4,2,2017-07-07,0.04,1,0
33684693,Cozy industrial loft in the heart of Williamsburg,253898121,Denis,Brooklyn,Williamsburg,40.72178,-73.95653,Entire home/apt,200,5,1,2019-05-19,0.59,1,13
28047666,LaGuardia Private 3 Bedrooms Appartment for 6 Pax,10229087,Kais,Queens,Ditmars Steinway,40.77224,-73.89295,Private room,220,1,5,2019-06-08,0.61,4,346
24043603,Experience Brownstone Living in Brooklyn!,4181378,Lauren,Brooklyn,Bedford-Stuyvesant,40.68967,-73.9366,Entire home/apt,175,2,20,2019-07-01,1.67,2,357
28277212,"A Comfortable private room+Near # 2, 4 & 6 trains",184122908,Livinus,Bronx,Mott Haven,40.81161,-73.90513,Private room,35,1,24,2019-06-30,2.38,1,150
34783503,Uptown Experience on Central Park,262279497,Britt,Manhattan,East Harlem,40.79614,-73.94838,Entire home/apt,123,1,5,2019-06-17,3.95,1,327
21133911,2BED 2 BATH / HIGH FLOOR/ BALCONY/ COLUMBUS CIRCLE,131647128,Emily,Manhattan,Upper West Side,40.77538,-73.98814,Entire home/apt,300,30,7,2019-06-24,0.38,25,313
21004111,Prime East Village REAL 1 Bedroom,22225802,David,Manhattan,East Village,40.72236,-73.97756,Entire home/apt,200,5,0,,,1,0
29629862,Private room in huge Soho apartment,4341365,Sophie,Manhattan,SoHo,40.72243,-74.00027,Private room,80,5,1,2019-03-05,0.24,1,0
18616809,Sunny 2BR Prime Williamsburg with backyard,89331516,Louiza,Brooklyn,Williamsburg,40.71591,-73.96039,Entire home/apt,169,5,1,2017-06-07,0.04,3,0
32655912,COOL DEAL,1284729,Selcuk,Manhattan,Upper East Side,40.77756,-73.95408,Entire home/apt,137,7,1,2019-04-08,0.33,1,12
9906768,Soho/Greenwich Village Bedroom,7655328,Jessica,Manhattan,Greenwich Village,40.72791,-73.99997,Private room,79,1,3,2016-06-27,0.07,3,0
8253376,large house with inground pool/spa,43524236,Miran,Staten Island,Todt Hill,40.60926,-74.10092,Entire home/apt,429,2,4,2015-11-06,0.09,1,0
3499326,"Sunny, Tall Artsy Loft @ Williamsburg",380728,Ligeia,Brooklyn,Williamsburg,40.71119,-73.96703,Private room,77,6,17,2015-09-01,0.29,1,188
32466179,Sonder | The Nash |  Classic 1BR + Fitness Center,219517861,Sonder (NYC),Manhattan,Murray Hill,40.74898,-73.97534,Entire home/apt,202,29,0,,,327,365
53470,Clean and convenient 2BR apartment,204539,Mark,Queens,Ridgewood,40.70234,-73.89816,Private room,140,7,6,2015-10-08,0.06,5,365
2138787,"HARLEM, NEW YORK WELCOMES YOU!!",68428,Tye And Etienne,Manhattan,Washington Heights,40.83191,-73.9411,Private room,62,2,4,2019-04-01,0.19,2,336
23620728,Huge Private Garden Apt - Memory Foam Mattress,17105274,Matt,Brooklyn,Bushwick,40.69166,-73.90314,Private room,49,14,5,2019-06-03,0.34,2,163
30347099,"Cozy, Airy One Bedroom in Greenwich Village",147186603,Wesley,Manhattan,Greenwich Village,40.73004,-74.00128,Entire home/apt,350,3,1,2019-03-17,0.26,1,7
69894,"Nice renovated apt, prime location!",352168,Silvia,Manhattan,Upper West Side,40.78,-73.98249,Entire home/apt,150,30,48,2019-06-11,0.55,1,35
20957065,Best of Brooklyn,147059964,Candi,Brooklyn,Bedford-Stuyvesant,40.69342,-73.95881,Private room,105,30,8,2017-12-03,0.38,3,89
17481484,Brooklyn Apartment,118430352,Austin,Brooklyn,Crown Heights,40.67519,-73.9402,Private room,75,1,0,,,1,0
5791540,Brooklyn Heights gem,30046603,Jane,Brooklyn,Brooklyn Heights,40.69758,-73.99139,Entire home/apt,200,2,2,2017-06-13,0.05,1,0
35379530,Live like a local!,266339498,Valentina,Brooklyn,Bay Ridge,40.63919,-74.02526,Entire home/apt,190,2,0,,,1,119
16407461,Prospect Park Brownstone full floor w/garden,28779108,Darryl Diego,Brooklyn,Prospect-Lefferts Gardens,40.66024,-73.95518,Entire home/apt,190,4,26,2019-06-23,1.18,1,145
8988451,New York City Living,46953097,Lauren,Bronx,Concourse Village,40.82705,-73.91337,Private room,95,2,6,2016-08-14,0.14,1,173
17367004,Chic Space in Chelsea,572879,Ivan,Manhattan,Chelsea,40.7435,-74.00119,Private room,289,2,128,2019-06-17,4.52,1,252
1442495,Spacious Duplex in Fun & Hip Area,5908577,Eric,Brooklyn,Crown Heights,40.67427,-73.95042,Entire home/apt,300,2,16,2019-06-09,0.24,2,41
32340585,Enjoy privacy & comfort in Washington Heights 1BR,17174170,Angela,Manhattan,Washington Heights,40.85197,-73.92853,Entire home/apt,74,1,4,2019-03-24,0.95,1,0
2473611,Overlooking Harlem,12649246,Leah,Manhattan,Harlem,40.80121,-73.95002,Private room,92,2,173,2019-06-19,2.71,1,276
27216826,LUXURY 2BR 2BATH IN SUTTON PLACE-GYM/DOORMAN,200380610,Pranjal,Manhattan,Midtown,40.75457,-73.96248,Entire home/apt,360,30,0,,,65,364
15818253,Private room in Red Hook Artist House,9549442,Lynn,Brooklyn,Red Hook,40.67749,-74.00761,Private room,62,5,6,2018-11-01,0.19,1,0
32244701,Quiet 1bedroom apartment,241985900,V,Manhattan,Hell's Kitchen,40.7588,-73.9922,Entire home/apt,150,1,23,2019-06-23,4.66,1,106
24155415,Light Filled Room in Bedstuy!,26315450,Sacha,Brooklyn,Bedford-Stuyvesant,40.67941,-73.908,Private room,56,2,8,2018-12-18,0.67,1,0
9652365,Sunny Room in Design Loft - Heart of Greenpoint,16356851,Sophia,Brooklyn,Greenpoint,40.73419,-73.95905,Private room,115,5,24,2019-05-19,0.56,2,179
7675781,JFK 10 & LGA 15 MINUTES  AWAY  A/C PRIVATE BEDROOM,22959695,Gurpreet  Singh,Queens,Richmond Hill,40.69463,-73.8261,Private room,50,1,408,2018-11-24,8.56,5,0
12870344,MIDTOWN EAST PRIVATE ROOM,70382366,Alexandra,Manhattan,Midtown,40.75347,-73.97293,Private room,145,1,0,,,1,0
32717887,Cosy Crown Heights Brownstone,43494916,Tilly,Brooklyn,Crown Heights,40.67637,-73.95527,Entire home/apt,132,3,0,,,2,0
4807492,"quiet, sunny, floor-through brownstone",1870841,David,Brooklyn,Prospect Heights,40.67995,-73.97021,Entire home/apt,130,3,5,2018-05-08,0.11,1,0
31356710,Weekday Williamsburg Dreamhouse,2678122,Tasha,Brooklyn,Williamsburg,40.71708,-73.94852,Entire home/apt,120,3,0,,,3,0
9810235,Tribeca Loft,50539403,Yuri,Manhattan,Tribeca,40.71819,-74.00833,Entire home/apt,500,4,0,,,1,0
33094168,Travelers Paradise Steps from Empire State Bld,230917343,Joseph,Manhattan,Midtown,40.74758,-73.98276,Entire home/apt,299,3,8,2019-06-26,2.89,1,306
36390301,"3 Bedroom Apt in Ridgewood, 20 Min to Manhattan",273632292,Pete,Queens,Ridgewood,40.70268,-73.90353,Entire home/apt,110,24,0,,,1,183
31418014,Interior Designer’s Lovely 1BR Flat (+Balcony!),5637331,Amit & Sofie,Manhattan,Upper East Side,40.7627,-73.96422,Entire home/apt,140,6,1,2019-04-14,0.35,2,0
20190053,"Beautiful, family friendly place with great views",25415637,Jonathan,Brooklyn,Columbia St,40.68356,-74.00301,Entire home/apt,144,1,11,2018-09-03,0.48,1,0
29803428,Spacious West Village Studio,41802394,Joshua,Manhattan,West Village,40.73378,-74.00272,Entire home/apt,1115,3,2,2019-05-27,0.38,1,0
13730254,East Village Sunny Studio,30708411,Ramses,Manhattan,East Village,40.73183,-73.98513,Entire home/apt,129,4,7,2018-08-27,0.31,1,0
4857075,Beautiful apartment in Bushwick,4306959,Arikia,Brooklyn,Bushwick,40.69986,-73.9298,Entire home/apt,159,3,30,2018-01-01,0.54,1,0
30939313,Funky sun-filled artist home near Fort Greene Park,129324501,Šara,Brooklyn,Fort Greene,40.68908,-73.97309,Entire home/apt,115,2,1,2019-06-20,1.0,1,16
32458305,94TH STREET BIG 1BR SUITE WITH DOORMAN-GYM,123745971,Especial,Manhattan,Upper East Side,40.78213,-73.94839,Private room,500,2,0,,,6,351
12949937,True 2 bedroom apartment in the heart of the LES,71140140,Danielle,Manhattan,Lower East Side,40.71981,-73.99154,Entire home/apt,225,2,1,2016-05-15,0.03,1,0
33400613,Aloft Manhattan Downtown - Financial District,5144567,Yun,Manhattan,Financial District,40.70969,-74.00575,Private room,169,7,0,,,13,365
34485702,Modern King Bed roll-in shower Near Central Park,261761719,WestHouse,Manhattan,Midtown,40.76413,-73.98435,Private room,100,1,0,,,6,271
30567518,Private Bedroom,11127879,Roger,Brooklyn,Crown Heights,40.67315,-73.9288,Private room,79,3,0,,,2,359
34479640,Sunny Greenwich Village Studio with Piano,89309763,Rebecca,Manhattan,Greenwich Village,40.73098,-73.99361,Entire home/apt,175,20,0,,,1,79
24223602,Prospect Heights Paradise,182086879,Patti,Brooklyn,Prospect Heights,40.67999,-73.96462,Entire home/apt,300,7,17,2019-06-28,1.22,2,129
9847917,Furnished East Village room,7511881,Nika,Manhattan,East Village,40.72608,-73.97843,Private room,60,2,1,2016-01-05,0.02,1,0
5940268,The Big Room in Flushing,30839692,Stavros,Queens,Flushing,40.75518,-73.80422,Private room,50,1,154,2019-07-06,3.05,3,243
29170953,Spacious Superhost BK RM! Easy Manhattan acess!,137358866,Kazuya,Brooklyn,Bushwick,40.69248,-73.91189,Private room,43,30,0,,,103,157
1028263,Spacious Room/Great Location,5658953,Claudia,Manhattan,East Village,40.72944,-73.98645,Private room,60,5,66,2019-06-26,0.87,1,232
2657689,Your Amazing Vacation Apartment!,9051298,Lydiah,Manhattan,Harlem,40.8106,-73.94647,Shared room,100,1,0,,,2,0
17842111,1st flr full studio apartment- entire place/SAFE,122044895,Yerddy,Bronx,Kingsbridge,40.8781,-73.89998,Entire home/apt,99,3,116,2019-06-22,4.35,2,86
19769680,Huge 1 bedroom apartment on Broadway!,15468652,Igor,Manhattan,Washington Heights,40.83499,-73.94528,Private room,59,6,1,2017-08-04,0.04,1,0
419373,Stylish Loft w/Lovely Backyard,2085639,Eada,Brooklyn,Bedford-Stuyvesant,40.68838,-73.94193,Entire home/apt,90,2,206,2019-06-30,2.4,1,236
34371018,"1 Bedroom , Beautiful Spacious Brownstone
 Apt",85165113,LaTasha,Brooklyn,Bedford-Stuyvesant,40.6818,-73.91813,Entire home/apt,100,3,3,2019-06-01,1.73,2,120
5567278,Spacious Bright West Village Apt!,2306485,Sam,Manhattan,West Village,40.73296,-74.00235,Entire home/apt,220,3,118,2019-05-20,2.26,1,180
30174660,Room for Temporary Sublet Nov. 21`-28,226684665,Nicholas,Queens,Ridgewood,40.70673,-73.90071,Private room,40,1,0,,,1,0
33213292,Welcome,116446134,Jay,Brooklyn,East New York,40.67554,-73.8942,Private room,120,1,2,2019-05-06,0.59,1,89
13459473,Spacious room in Midtown East Manhattan,956383,Andrew,Manhattan,Midtown,40.75896,-73.96439,Private room,105,7,0,,,1,0
31566176,One room in Bushwick,236607981,Alla,Brooklyn,Bushwick,40.69494,-73.92724,Private room,80,1,0,,,1,0
31340743,Suite with stunning view in convenient location,5838825,Isa,Manhattan,Hell's Kitchen,40.75599,-73.99185,Private room,200,3,0,,,1,0
12222304,Upper East Side Rooftop Escape,23821373,Kaitlyn,Manhattan,Upper East Side,40.76676,-73.95753,Entire home/apt,160,1,0,,,1,0
16037130,Greenwich Village Apartment,11402865,Michael,Manhattan,Greenwich Village,40.72796,-74.00154,Entire home/apt,135,3,3,2017-07-31,0.1,1,0
34814184,Shared Room By Times Square near Central Park 3,262360035,Kuzey,Manhattan,Hell's Kitchen,40.76391,-73.98892,Shared room,75,1,3,2019-06-24,2.2,6,365
6373770,Huge private bedroom for quiet sleep in Manhattan!,3867,Luke,Manhattan,Two Bridges,40.71213,-73.99661,Private room,95,1,92,2019-06-29,2.4,2,47
31660529,Calm bed great area.,111542307,Imoy,Brooklyn,Bedford-Stuyvesant,40.68694,-73.92732,Shared room,20,30,0,,,2,342
21550933,Large 1 Bedroom Apt - Amazing Location SoHo/Nolita,70844761,Cynthia,Manhattan,Nolita,40.7237,-73.99454,Entire home/apt,200,5,7,2018-12-30,0.36,1,1
4678795,sunny & spacious one-bedroom ,24048208,Maura,Brooklyn,Bedford-Stuyvesant,40.6848,-73.95728,Entire home/apt,140,3,0,,,1,0
26664837,Great renovated apartment 1 block away from train,17926275,Jessica,Manhattan,Washington Heights,40.85116,-73.93457,Entire home/apt,90,3,7,2019-06-26,0.64,1,6
23507660,"Just renovated, modern, bright Lower East Side 1BR",12009770,David,Manhattan,Lower East Side,40.72177,-73.99205,Entire home/apt,250,5,0,,,1,0
25336605,Luxury Apartment July 4th Wkend -Fireworks view,69825290,Colin,Queens,Long Island City,40.75332,-73.94159,Entire home/apt,150,1,1,2019-01-02,0.16,1,0
33932981,Peaceful Private BR in Ridgewood Woodbine,242962235,Yuval,Queens,Ridgewood,40.70937,-73.89702,Private room,34,30,0,,,23,192
13063023,Cozy room in Astoria,1924750,Jasmina,Queens,Astoria,40.76437,-73.91304,Private room,36,2,37,2019-06-24,1.03,2,228
14385616,PRIME Williamsburg MODERN studio in doorman bldg!!,176332,Lauren,Brooklyn,Williamsburg,40.72207,-73.95697,Entire home/apt,150,4,10,2018-09-26,0.29,1,6
4830154,"Furnished room with Bed, Closet, TV",24865745,Subramanian,Queens,Ozone Park,40.68337,-73.8431,Private room,45,1,0,,,1,0
13926702,Peaceful 1 Bedroom/1 Bathroom on Upper West Side,3491890,George Steven,Manhattan,Upper West Side,40.78341,-73.97713,Entire home/apt,106,30,14,2019-06-10,0.41,6,242
31240258,Bright Modern Room in Brooklyn,22507236,Camila,Brooklyn,Bushwick,40.69881,-73.93129,Private room,55,10,0,,,1,0
7636474,Big Room in Greenpoint/Williamsburg,40062888,Kevin,Brooklyn,Greenpoint,40.7252,-73.95276,Private room,100,13,0,,,1,0
5162580,Convenient place to stay in Manhattan!,23719409,Carlina,Manhattan,Harlem,40.82801,-73.95167,Private room,45,1,205,2019-06-21,3.86,4,0
3583702,Brooklyn's Finest,18018059,Erin,Brooklyn,Bushwick,40.68258,-73.90472,Entire home/apt,122,1,157,2019-07-01,2.64,1,235
22651614,"Great room in beautiful, light-filled apartment",166819817,Rebecca,Manhattan,Washington Heights,40.83267,-73.94156,Private room,75,30,0,,,1,90
7158417,Dov & Naomi's Beautiful Apt.,15878233,Dov,Brooklyn,Kensington,40.64456,-73.97723,Entire home/apt,115,4,3,2018-07-31,0.09,1,0
13959556,Comfy Accommodations in Queens NY (JFK - 8 Mins),74331597,Nickesha,Queens,St. Albans,40.68482,-73.76929,Private room,55,5,28,2019-06-15,0.81,5,365
10636997,One Bedroom Beauty in Bushwick,54917558,Valeria,Brooklyn,Bushwick,40.68678,-73.90629,Entire home/apt,75,2,154,2019-06-29,4.04,1,15
